date,temp_max,temp_min,temp_avg,precipitation,rain,snowfall,wind_max
2020-01-01,4.3,-1.4,2.0,0.0,0.0,0.0,28.2
2020-01-02,8.9,-2.3,2.6,0.0,0.0,0.0,17.3
2020-01-03,9.3,2.2,6.6,4.5,4.5,0.0,12.4
2020-01-04,10.0,4.2,7.5,6.2,6.2,0.0,25.9
2020-01-05,5.1,-1.5,2.5,0.4,0.4,0.0,37.1
2020-01-06,7.6,-0.5,2.9,1.3,0.0,0.91,25.9
2020-01-07,6.0,-0.7,2.4,0.8,0.6,0.14,17.9
2020-01-08,5.0,-2.3,0.8,0.1,0.0,0.07,33.1
2020-01-09,0.5,-5.0,-2.2,0.0,0.0,0.0,23.2
2020-01-10,11.1,-1.2,5.3,0.0,0.0,0.0,24.8
2020-01-11,18.3,7.8,14.1,0.2,0.2,0.0,34.2
2020-01-12,18.7,5.3,14.2,2.7,2.7,0.0,45.6
2020-01-13,8.8,1.1,4.7,0.2,0.2,0.0,18.4
2020-01-14,6.7,0.9,4.2,0.3,0.3,0.0,15.3
2020-01-15,9.3,2.9,5.7,0.1,0.1,0.0,16.1
2020-01-16,8.6,0.7,5.5,1.8,1.8,0.0,38.8
2020-01-17,-0.1,-5.9,-3.4,0.0,0.0,0.0,34.9
2020-01-18,2.4,-6.3,-2.9,8.4,0.6,5.46,24.2
2020-01-19,7.0,-1.5,2.6,1.5,1.5,0.0,28.7
2020-01-20,-0.9,-7.2,-4.1,0.0,0.0,0.0,26.1
2020-01-21,1.1,-6.7,-3.5,0.0,0.0,0.0,17.4
2020-01-22,2.9,-5.4,-2.3,0.0,0.0,0.0,9.4
2020-01-23,6.9,-4.5,0.1,0.0,0.0,0.0,9.9
2020-01-24,9.5,-2.8,2.8,0.0,0.0,0.0,12.7
2020-01-25,9.6,0.8,5.1,25.5,25.5,0.0,34.2
2020-01-26,7.8,0.7,3.8,0.0,0.0,0.0,22.7
2020-01-27,7.2,-0.5,3.3,0.0,0.0,0.0,22.3
2020-01-28,5.4,-0.5,2.8,0.0,0.0,0.0,22.4
2020-01-29,4.3,-3.0,0.4,0.0,0.0,0.0,18.9
2020-01-30,1.2,-5.6,-1.9,0.0,0.0,0.0,16.3
2020-01-31,6.3,-2.8,2.2,1.1,1.1,0.0,11.9
2020-02-01,5.5,-0.9,2.5,0.5,0.5,0.0,7.5
2020-02-02,6.1,0.4,2.6,3.4,2.4,0.7,20.3
2020-02-03,12.4,0.0,5.8,0.1,0.1,0.0,18.5
2020-02-04,13.1,2.6,7.2,2.5,2.5,0.0,17.6
2020-02-05,8.5,3.1,4.7,0.8,0.8,0.0,21.3
2020-02-06,6.5,2.1,4.3,16.0,16.0,0.0,19.1
2020-02-07,13.9,0.5,4.8,10.1,9.5,0.42,46.6
2020-02-08,4.8,-2.4,0.8,0.0,0.0,0.0,25.1
2020-02-09,6.5,-2.2,1.5,0.0,0.0,0.0,13.2
2020-02-10,8.8,3.4,5.6,10.3,10.3,0.0,25.5
2020-02-11,7.5,4.8,6.2,8.6,8.6,0.0,16.3
2020-02-12,7.2,0.8,4.3,0.7,0.7,0.0,23.3
2020-02-13,6.5,2.2,4.2,19.2,19.2,0.0,21.4
2020-02-14,2.4,-7.9,-1.6,0.0,0.0,0.0,27.2
2020-02-15,-1.7,-9.3,-5.4,0.0,0.0,0.0,20.9
2020-02-16,7.6,-3.0,1.6,0.0,0.0,0.0,16.1
2020-02-17,9.7,-0.2,3.7,0.0,0.0,0.0,15.3
2020-02-18,9.2,0.4,4.6,1.3,1.3,0.0,17.7
2020-02-19,8.0,-1.1,4.5,0.0,0.0,0.0,24.7
2020-02-20,3.2,-3.6,-0.5,0.0,0.0,0.0,19.4
2020-02-21,1.7,-6.5,-2.7,0.0,0.0,0.0,19.4
2020-02-22,8.8,-3.6,1.8,0.0,0.0,0.0,22.0
2020-02-23,11.8,-2.8,4.3,0.0,0.0,0.0,18.2
2020-02-24,12.8,-1.4,5.5,0.0,0.0,0.0,14.8
2020-02-25,10.0,4.4,7.3,2.8,2.8,0.0,11.8
2020-02-26,10.2,5.3,7.2,0.1,0.1,0.0,21.6
2020-02-27,8.5,-1.3,4.0,12.0,12.0,0.0,39.9
2020-02-28,4.9,-2.7,0.5,0.0,0.0,0.0,34.8
2020-02-29,2.5,-4.1,-1.3,0.0,0.0,0.0,30.5
2020-03-01,6.8,-4.7,0.1,0.0,0.0,0.0,22.7
2020-03-02,13.5,-1.5,6.8,0.0,0.0,0.0,29.2
2020-03-03,13.5,6.4,9.4,9.7,9.7,0.0,24.1
2020-03-04,13.1,5.0,8.5,0.2,0.2,0.0,34.3
2020-03-05,10.5,1.2,5.2,0.0,0.0,0.0,19.7
2020-03-06,7.1,0.2,4.0,4.5,4.5,0.0,21.4
2020-03-07,8.2,0.5,3.7,0.2,0.2,0.0,28.0
2020-03-08,13.8,-2.5,5.6,0.0,0.0,0.0,21.3
2020-03-09,20.1,3.5,11.4,0.0,0.0,0.0,21.4
2020-03-10,15.8,8.4,12.5,0.3,0.3,0.0,28.0
2020-03-11,12.5,2.7,7.9,0.0,0.0,0.0,26.4
2020-03-12,8.9,1.8,5.9,1.2,1.2,0.0,18.4
2020-03-13,19.6,7.3,12.6,10.1,10.1,0.0,35.3
2020-03-14,12.4,3.9,8.2,0.2,0.2,0.0,22.7
2020-03-15,11.2,2.4,6.6,0.2,0.2,0.0,13.6
2020-03-16,6.6,-1.8,2.9,0.0,0.0,0.0,22.3
2020-03-17,12.1,3.8,7.1,6.2,5.2,0.7,19.1
2020-03-18,10.0,0.7,6.2,0.1,0.1,0.0,18.7
2020-03-19,12.5,4.7,8.3,17.8,17.8,0.0,20.9
2020-03-20,23.6,6.9,15.0,3.8,3.8,0.0,36.7
2020-03-21,15.2,3.8,7.8,0.0,0.0,0.0,26.4
2020-03-22,5.9,-0.6,2.5,0.0,0.0,0.0,21.9
2020-03-23,5.3,2.0,2.9,29.6,27.8,1.26,27.6
2020-03-24,14.0,0.6,6.5,0.0,0.0,0.0,19.1
2020-03-25,7.8,2.9,5.2,0.5,0.5,0.0,26.7
2020-03-26,13.8,0.5,6.7,0.0,0.0,0.0,21.3
2020-03-27,18.1,7.5,11.9,0.2,0.2,0.0,16.7
2020-03-28,9.9,5.5,7.8,15.5,15.5,0.0,17.6
2020-03-29,11.7,6.9,8.6,3.3,3.3,0.0,23.7
2020-03-30,11.8,4.1,7.6,5.4,5.4,0.0,13.8
2020-03-31,8.4,4.4,5.9,1.7,1.7,0.0,17.4
2020-04-01,12.5,2.5,7.0,0.0,0.0,0.0,23.5
2020-04-02,13.5,2.6,8.4,0.0,0.0,0.0,34.5
2020-04-03,10.2,5.8,8.3,9.5,9.0,0.35,29.8
2020-04-04,14.4,7.0,9.5,0.4,0.4,0.0,18.1
2020-04-05,15.9,5.5,10.2,0.0,0.0,0.0,17.6
2020-04-06,17.4,7.4,11.8,1.4,1.4,0.0,17.4
2020-04-07,17.1,7.3,11.6,0.3,0.3,0.0,22.4
2020-04-08,18.9,8.2,12.8,5.6,5.6,0.0,18.2
2020-04-09,16.4,6.0,9.8,9.6,9.6,0.0,33.6
2020-04-10,9.2,3.4,6.3,1.4,1.3,0.07,39.1
2020-04-11,11.2,2.2,6.7,0.0,0.0,0.0,28.7
2020-04-12,15.4,2.2,9.9,0.1,0.1,0.0,28.8
2020-04-13,18.7,12.2,14.9,41.4,41.4,0.0,50.9
2020-04-14,13.3,6.2,10.0,0.0,0.0,0.0,23.6
2020-04-15,10.9,4.5,7.3,1.5,1.5,0.0,25.2
2020-04-16,8.9,2.6,6.1,0.2,0.2,0.0,27.9
2020-04-17,10.3,-0.5,5.0,2.4,2.4,0.0,21.1
2020-04-18,8.7,3.1,6.2,7.4,7.4,0.0,26.1
2020-04-19,15.5,1.5,9.0,0.0,0.0,0.0,31.6
2020-04-20,11.9,6.0,9.1,0.0,0.0,0.0,21.5
2020-04-21,15.5,4.2,8.8,6.9,6.9,0.0,27.8
2020-04-22,9.5,0.7,5.0,0.0,0.0,0.0,31.7
2020-04-23,9.8,0.9,5.6,1.3,1.3,0.0,15.1
2020-04-24,9.0,4.8,7.2,14.6,14.6,0.0,25.7
2020-04-25,16.6,2.9,9.5,0.0,0.0,0.0,18.1
2020-04-26,9.5,5.7,7.8,8.9,8.9,0.0,36.7
2020-04-27,8.2,4.4,6.2,1.3,1.3,0.0,27.0
2020-04-28,17.6,2.3,9.5,0.0,0.0,0.0,22.4
2020-04-29,13.6,4.1,8.9,1.8,1.8,0.0,25.8
2020-04-30,15.4,9.8,12.9,26.8,26.8,0.0,43.5
2020-05-01,18.5,11.1,14.0,8.3,8.3,0.0,24.4
2020-05-02,21.5,8.9,15.3,0.0,0.0,0.0,26.7
2020-05-03,24.6,11.1,17.8,4.7,4.7,0.0,19.0
2020-05-04,20.1,8.5,14.8,0.5,0.5,0.0,31.6
2020-05-05,15.0,6.7,10.6,0.0,0.0,0.0,21.4
2020-05-06,11.6,6.4,8.8,3.4,3.4,0.0,19.3
2020-05-07,17.0,5.5,11.8,0.4,0.4,0.0,23.1
2020-05-08,10.9,5.5,8.4,10.1,10.1,0.0,33.7
2020-05-09,8.1,0.6,4.7,1.4,1.0,0.28,36.7
2020-05-10,16.0,2.6,9.6,0.0,0.0,0.0,30.5
2020-05-11,15.0,5.8,10.2,2.5,2.5,0.0,25.6
2020-05-12,14.8,4.9,9.4,0.0,0.0,0.0,30.5
2020-05-13,15.8,2.6,9.4,0.0,0.0,0.0,25.1
2020-05-14,16.3,3.7,11.9,0.0,0.0,0.0,18.7
2020-05-15,27.7,12.5,20.6,3.9,3.9,0.0,23.5
2020-05-16,23.4,15.3,19.0,1.1,1.1,0.0,23.1
2020-05-17,16.5,10.3,13.3,0.0,0.0,0.0,18.4
2020-05-18,20.3,10.3,14.9,0.0,0.0,0.0,20.2
2020-05-19,18.3,10.4,14.1,0.0,0.0,0.0,32.0
2020-05-20,17.2,7.4,12.2,0.0,0.0,0.0,20.9
2020-05-21,16.0,5.9,11.6,0.0,0.0,0.0,16.7
2020-05-22,22.1,11.5,16.5,3.1,3.1,0.0,19.4
2020-05-23,20.3,12.1,16.1,12.1,12.1,0.0,27.9
2020-05-24,18.8,10.1,13.9,0.0,0.0,0.0,19.1
2020-05-25,19.9,12.5,15.4,0.0,0.0,0.0,12.2
2020-05-26,21.8,12.8,16.8,0.0,0.0,0.0,15.3
2020-05-27,22.2,14.8,17.5,0.0,0.0,0.0,19.7
2020-05-28,22.9,15.9,19.0,0.9,0.9,0.0,27.4
2020-05-29,25.8,18.6,22.3,1.0,1.0,0.0,20.3
2020-05-30,26.1,19.2,22.3,4.6,4.6,0.0,22.2
2020-05-31,20.5,12.3,16.1,0.0,0.0,0.0,29.7
2020-06-01,19.6,9.1,14.9,0.3,0.3,0.0,22.6
2020-06-02,21.6,12.1,17.6,0.0,0.0,0.0,23.4
2020-06-03,28.8,15.0,21.5,8.3,8.3,0.0,21.7
2020-06-04,29.1,17.1,22.9,0.1,0.1,0.0,21.8
2020-06-05,24.2,20.2,21.7,23.5,23.5,0.0,15.1
2020-06-06,29.4,19.6,24.2,3.2,3.2,0.0,23.7
2020-06-07,24.6,15.9,19.8,0.0,0.0,0.0,28.0
2020-06-08,25.4,13.6,19.3,0.0,0.0,0.0,16.6
2020-06-09,30.4,14.2,23.2,0.0,0.0,0.0,18.0
2020-06-10,26.9,19.2,23.0,0.0,0.0,0.0,26.9
2020-06-11,28.4,21.9,24.0,21.7,21.7,0.0,26.2
2020-06-12,28.5,19.0,23.6,0.0,0.0,0.0,19.3
2020-06-13,22.8,14.9,18.7,0.0,0.0,0.0,23.6
2020-06-14,22.1,12.1,16.8,0.0,0.0,0.0,19.2
2020-06-15,22.7,14.5,18.0,0.0,0.0,0.0,18.4
2020-06-16,24.2,14.0,18.6,0.0,0.0,0.0,21.8
2020-06-17,24.6,14.4,19.0,0.0,0.0,0.0,18.5
2020-06-18,23.5,17.6,20.0,2.0,2.0,0.0,15.7
2020-06-19,24.9,18.6,21.4,0.8,0.8,0.0,17.5
2020-06-20,27.1,18.6,22.9,0.6,0.6,0.0,18.2
2020-06-21,27.6,19.3,23.6,0.2,0.2,0.0,18.7
2020-06-22,30.5,20.3,25.4,0.0,0.0,0.0,21.6
2020-06-23,27.8,20.3,24.3,0.0,0.0,0.0,25.4
2020-06-24,30.1,21.0,25.5,0.1,0.1,0.0,23.7
2020-06-25,28.6,18.4,23.5,0.0,0.0,0.0,23.3
2020-06-26,30.3,18.5,24.2,0.1,0.1,0.0,14.6
2020-06-27,26.5,18.4,23.3,5.9,5.9,0.0,24.3
2020-06-28,28.8,20.0,24.2,2.5,2.5,0.0,17.3
2020-06-29,29.1,20.1,24.1,0.7,0.7,0.0,18.7
2020-06-30,25.5,19.1,22.2,11.9,11.9,0.0,14.0
2020-07-01,26.6,19.7,22.7,6.6,6.6,0.0,11.6
2020-07-02,31.8,19.9,25.5,0.0,0.0,0.0,13.7
2020-07-03,31.6,21.9,26.2,17.5,17.5,0.0,12.3
2020-07-04,28.9,20.7,23.7,1.6,1.6,0.0,18.2
2020-07-05,32.5,21.6,26.1,0.1,0.1,0.0,22.3
2020-07-06,32.7,20.9,26.1,0.4,0.4,0.0,18.5
2020-07-07,26.7,22.2,24.1,1.9,1.9,0.0,21.9
2020-07-08,28.2,22.8,25.1,1.1,1.1,0.0,20.2
2020-07-09,29.7,21.9,25.4,0.0,0.0,0.0,20.6
2020-07-10,24.4,22.5,23.3,37.9,37.9,0.0,38.5
2020-07-11,28.3,22.4,25.0,9.3,9.3,0.0,32.2
2020-07-12,31.0,20.8,25.8,0.0,0.0,0.0,21.4
2020-07-13,31.2,21.3,25.8,1.2,1.2,0.0,17.9
2020-07-14,28.2,20.0,24.5,0.1,0.1,0.0,15.0
2020-07-15,25.3,20.3,23.0,0.7,0.7,0.0,18.5
2020-07-16,24.1,20.3,22.0,0.0,0.0,0.0,22.5
2020-07-17,29.3,20.3,24.2,4.4,4.4,0.0,16.1
2020-07-18,32.7,20.9,26.3,0.0,0.0,0.0,17.6
2020-07-19,33.8,21.8,27.6,0.0,0.0,0.0,29.4
2020-07-20,35.8,24.4,29.7,0.0,0.0,0.0,20.2
2020-07-21,31.8,22.0,26.9,0.0,0.0,0.0,21.5
2020-07-22,31.8,23.7,27.3,3.4,3.4,0.0,21.4
2020-07-23,31.1,23.1,26.0,8.5,8.5,0.0,18.9
2020-07-24,25.9,22.1,24.0,22.1,22.1,0.0,19.2
2020-07-25,29.9,21.2,25.7,0.0,0.0,0.0,15.0
2020-07-26,34.2,23.0,28.1,0.0,0.0,0.0,22.4
2020-07-27,35.5,21.6,29.1,0.0,0.0,0.0,20.1
2020-07-28,34.2,25.1,28.9,1.8,1.8,0.0,19.2
2020-07-29,31.3,22.9,27.1,0.0,0.0,0.0,18.4
2020-07-30,32.5,22.9,27.9,0.0,0.0,0.0,12.9
2020-07-31,27.1,22.0,24.3,13.6,13.6,0.0,10.6
2020-08-01,29.5,19.9,25.3,0.0,0.0,0.0,20.5
2020-08-02,29.0,23.4,26.5,4.4,4.4,0.0,20.8
2020-08-03,31.6,23.6,26.9,2.3,2.3,0.0,20.2
2020-08-04,26.7,23.1,24.5,21.1,21.1,0.0,60.4
2020-08-05,30.7,21.3,25.6,0.0,0.0,0.0,19.5
2020-08-06,25.4,18.8,22.3,2.6,2.6,0.0,13.8
2020-08-07,27.2,21.6,23.7,2.7,2.7,0.0,13.9
2020-08-08,26.4,20.6,23.4,13.1,13.1,0.0,13.5
2020-08-09,29.1,20.7,25.0,0.5,0.5,0.0,19.2
2020-08-10,31.4,22.3,26.8,0.0,0.0,0.0,18.1
2020-08-11,29.2,23.9,26.6,0.7,0.7,0.0,22.2
2020-08-12,30.7,23.3,26.8,7.6,7.6,0.0,11.6
2020-08-13,25.6,22.9,24.4,5.4,5.4,0.0,13.4
2020-08-14,29.6,22.1,25.5,0.2,0.2,0.0,18.3
2020-08-15,28.8,21.0,23.7,0.3,0.3,0.0,17.4
2020-08-16,21.4,18.6,20.1,13.4,13.4,0.0,26.1
2020-08-17,25.9,16.6,21.0,6.0,6.0,0.0,23.3
2020-08-18,28.3,18.4,23.3,0.0,0.0,0.0,13.1
2020-08-19,23.8,19.0,21.2,5.5,5.5,0.0,11.5
2020-08-20,25.7,16.7,21.0,0.0,0.0,0.0,13.5
2020-08-21,28.6,18.0,23.5,0.0,0.0,0.0,19.4
2020-08-22,29.9,21.3,25.2,2.6,2.6,0.0,16.7
2020-08-23,28.3,20.4,24.4,0.0,0.0,0.0,16.3
2020-08-24,31.7,21.7,26.0,0.1,0.1,0.0,15.6
2020-08-25,33.0,22.6,26.4,0.3,0.3,0.0,29.1
2020-08-26,26.0,19.2,22.3,0.0,0.0,0.0,24.1
2020-08-27,33.4,19.3,25.2,1.5,1.5,0.0,28.3
2020-08-28,31.5,20.6,24.6,0.6,0.6,0.0,25.4
2020-08-29,25.5,22.2,23.8,21.1,21.1,0.0,25.6
2020-08-30,25.6,17.9,21.4,0.0,0.0,0.0,24.5
2020-08-31,23.2,15.7,20.0,0.0,0.0,0.0,14.5
2020-09-01,24.9,19.8,22.0,0.2,0.2,0.0,18.8
2020-09-02,25.0,19.8,23.0,12.6,12.6,0.0,16.3
2020-09-03,29.5,22.7,24.9,20.7,20.7,0.0,24.0
2020-09-04,28.7,19.2,23.9,0.0,0.0,0.0,16.5
2020-09-05,25.6,16.4,20.9,0.0,0.0,0.0,18.9
2020-09-06,26.5,16.8,21.5,0.0,0.0,0.0,20.3
2020-09-07,24.9,16.7,21.1,0.0,0.0,0.0,25.3
2020-09-08,26.9,17.0,21.8,0.0,0.0,0.0,16.9
2020-09-09,26.4,19.0,22.6,0.9,0.9,0.0,12.1
2020-09-10,27.1,22.0,24.1,16.9,16.9,0.0,14.5
2020-09-11,24.5,17.3,21.6,0.7,0.7,0.0,21.3
2020-09-12,21.0,16.0,18.1,0.0,0.0,0.0,18.6
2020-09-13,23.0,16.5,20.3,1.5,1.5,0.0,21.3
2020-09-14,24.8,14.9,20.6,0.0,0.0,0.0,22.2
2020-09-15,18.9,11.4,15.1,0.0,0.0,0.0,18.6
2020-09-16,22.1,11.8,17.2,0.0,0.0,0.0,22.2
2020-09-17,22.2,16.2,19.3,0.0,0.0,0.0,14.7
2020-09-18,19.8,13.1,17.0,0.0,0.0,0.0,28.6
2020-09-19,16.9,9.5,12.9,0.0,0.0,0.0,27.1
2020-09-20,16.6,9.5,12.7,0.0,0.0,0.0,20.0
2020-09-21,18.3,8.4,12.9,0.0,0.0,0.0,17.3
2020-09-22,22.1,9.0,15.1,0.0,0.0,0.0,20.6
2020-09-23,26.0,11.9,18.6,0.0,0.0,0.0,24.2
2020-09-24,24.5,12.7,18.5,0.0,0.0,0.0,16.1
2020-09-25,24.7,13.3,18.6,0.0,0.0,0.0,13.6
2020-09-26,22.6,15.1,19.0,1.3,1.3,0.0,18.1
2020-09-27,25.2,17.3,21.1,0.6,0.6,0.0,17.8
2020-09-28,23.8,19.4,21.3,1.3,1.3,0.0,21.9
2020-09-29,23.6,18.1,20.8,14.7,14.7,0.0,26.7
2020-09-30,21.2,15.7,18.7,26.8,26.8,0.0,29.9
2020-10-01,22.0,14.2,17.9,0.3,0.3,0.0,17.0
2020-10-02,18.2,12.3,14.9,4.0,4.0,0.0,16.9
2020-10-03,18.5,9.9,13.7,0.0,0.0,0.0,12.7
2020-10-04,18.6,9.6,14.2,0.5,0.5,0.0,13.1
2020-10-05,19.6,11.0,15.2,0.0,0.0,0.0,13.5
2020-10-06,20.0,11.2,16.2,0.2,0.2,0.0,18.4
2020-10-07,24.3,13.1,18.0,0.2,0.2,0.0,30.6
2020-10-08,17.7,9.7,14.1,0.0,0.0,0.0,29.1
2020-10-09,19.4,9.1,14.4,0.0,0.0,0.0,20.7
2020-10-10,23.7,13.7,18.4,0.0,0.0,0.0,25.0
2020-10-11,19.2,14.6,17.2,1.0,1.0,0.0,20.2
2020-10-12,13.7,11.2,12.4,24.6,24.6,0.0,26.7
2020-10-13,15.1,12.7,13.9,9.2,9.2,0.0,27.4
2020-10-14,20.4,9.1,14.3,0.0,0.0,0.0,17.3
2020-10-15,22.1,11.3,16.5,0.0,0.0,0.0,27.3
2020-10-16,17.1,9.6,13.6,24.5,24.5,0.0,23.7
2020-10-17,15.2,7.2,10.9,3.1,3.1,0.0,18.1
2020-10-18,16.8,7.1,12.2,0.0,0.0,0.0,24.6
2020-10-19,17.7,9.1,14.4,0.0,0.0,0.0,17.3
2020-10-20,21.4,12.9,16.5,0.0,0.0,0.0,11.3
2020-10-21,19.8,14.5,16.9,0.3,0.3,0.0,13.3
2020-10-22,20.9,16.3,18.2,0.0,0.0,0.0,10.5
2020-10-23,20.0,15.9,17.5,0.3,0.3,0.0,14.6
2020-10-24,21.1,9.2,16.2,0.4,0.4,0.0,21.5
2020-10-25,10.8,7.0,9.2,1.2,1.2,0.0,17.5
2020-10-26,16.6,11.2,13.8,1.6,1.6,0.0,21.3
2020-10-27,15.4,12.3,13.9,0.8,0.8,0.0,14.8
2020-10-28,16.3,11.3,13.1,2.9,2.9,0.0,13.0
2020-10-29,12.4,8.3,10.6,38.0,38.0,0.0,32.4
2020-10-30,8.2,2.9,5.2,18.2,18.2,0.0,33.3
2020-10-31,7.0,-0.0,4.3,0.0,0.0,0.0,16.5
2020-11-01,13.8,4.6,9.3,8.0,8.0,0.0,30.7
2020-11-02,6.5,2.9,4.8,0.4,0.4,0.0,42.5
2020-11-03,12.2,4.3,7.9,0.0,0.0,0.0,27.4
2020-11-04,16.6,4.0,9.7,0.0,0.0,0.0,18.9
2020-11-05,18.8,7.1,12.2,0.0,0.0,0.0,19.8
2020-11-06,20.3,9.5,13.8,0.0,0.0,0.0,15.8
2020-11-07,21.7,7.8,14.2,0.0,0.0,0.0,10.6
2020-11-08,21.6,7.8,13.5,0.0,0.0,0.0,11.0
2020-11-09,21.5,7.8,13.4,0.0,0.0,0.0,10.6
2020-11-10,21.7,11.4,15.7,0.0,0.0,0.0,14.6
2020-11-11,21.8,15.4,18.0,16.0,16.0,0.0,19.7
2020-11-12,18.4,8.5,12.8,9.7,9.7,0.0,23.8
2020-11-13,11.1,6.0,8.8,3.5,3.5,0.0,16.3
2020-11-14,11.2,3.8,7.3,0.0,0.0,0.0,19.0
2020-11-15,17.3,2.4,10.0,6.1,6.1,0.0,47.0
2020-11-16,11.3,4.2,8.5,0.0,0.0,0.0,25.9
2020-11-17,8.6,1.9,5.0,1.3,1.3,0.0,23.3
2020-11-18,2.0,-2.7,0.5,0.0,0.0,0.0,26.3
2020-11-19,7.2,-2.7,2.8,0.0,0.0,0.0,22.4
2020-11-20,14.7,5.1,9.4,0.0,0.0,0.0,19.9
2020-11-21,15.6,6.6,10.8,0.0,0.0,0.0,17.3
2020-11-22,13.5,4.6,8.4,0.2,0.2,0.0,25.8
2020-11-23,13.9,4.3,9.8,15.8,15.8,0.0,31.5
2020-11-24,8.4,2.9,5.3,0.0,0.0,0.0,18.6
2020-11-25,11.7,4.7,8.1,0.4,0.4,0.0,18.0
2020-11-26,17.1,9.2,12.9,12.7,12.7,0.0,19.6
2020-11-27,15.9,6.5,10.4,0.0,0.0,0.0,14.4
2020-11-28,13.0,4.6,8.3,0.0,0.0,0.0,18.3
2020-11-29,10.9,1.8,5.9,0.0,0.0,0.0,12.8
2020-11-30,16.5,4.9,12.6,36.3,36.3,0.0,51.9
2020-12-01,14.3,2.8,8.8,0.4,0.4,0.0,29.6
2020-12-02,6.9,1.5,3.8,0.0,0.0,0.0,31.4
2020-12-03,9.7,0.4,4.7,0.1,0.1,0.0,20.0
2020-12-04,11.4,4.4,7.1,4.3,4.3,0.0,21.1
2020-12-05,6.9,3.1,5.7,22.0,22.0,0.0,34.4
2020-12-06,3.8,0.3,2.2,0.0,0.0,0.0,31.0
2020-12-07,4.2,-1.9,0.8,0.0,0.0,0.0,15.7
2020-12-08,3.5,-1.4,0.3,0.0,0.0,0.0,22.6
2020-12-09,4.0,-2.3,0.9,0.5,0.2,0.21,21.1
2020-12-10,9.3,-0.3,4.1,0.0,0.0,0.0,20.1
2020-12-11,11.1,-0.4,4.7,0.0,0.0,0.0,13.1
2020-12-12,12.6,2.4,8.0,0.8,0.8,0.0,13.0
2020-12-13,14.7,4.5,9.5,0.1,0.1,0.0,20.6
2020-12-14,4.4,1.8,3.2,6.7,6.7,0.0,19.9
2020-12-15,3.7,-2.0,0.6,0.0,0.0,0.0,19.0
2020-12-16,0.6,-4.1,-1.9,13.9,0.0,9.73,33.8
2020-12-17,0.5,-4.6,-2.6,16.3,0.4,11.13,43.2
2020-12-18,-1.8,-7.7,-5.0,0.0,0.0,0.0,17.9
2020-12-19,-1.7,-9.6,-6.2,0.0,0.0,0.0,14.5
2020-12-20,3.2,-7.4,-0.9,0.8,0.2,0.42,9.5
2020-12-21,3.2,-1.1,1.0,0.0,0.0,0.0,12.4
2020-12-22,5.6,-0.9,2.0,0.0,0.0,0.0,21.3
2020-12-23,3.2,-4.6,1.3,0.0,0.0,0.0,14.8
2020-12-24,14.4,3.4,10.8,5.8,5.8,0.0,45.7
2020-12-25,14.6,-1.9,8.5,34.9,34.9,0.0,57.5
2020-12-26,-0.2,-5.1,-2.9,0.0,0.0,0.0,26.8
2020-12-27,2.7,-4.7,-1.4,0.0,0.0,0.0,15.1
2020-12-28,9.4,-0.6,4.5,0.0,0.0,0.0,18.8
2020-12-29,3.1,-3.0,1.0,0.0,0.0,0.0,27.8
2020-12-30,4.0,-3.7,0.6,0.0,0.0,0.0,21.9
2020-12-31,8.5,0.1,5.7,9.7,9.7,0.0,29.8
2021-01-01,3.6,-2.5,1.0,10.0,10.0,0.0,17.1
2021-01-02,9.9,0.6,5.3,2.2,2.2,0.0,31.2
2021-01-03,3.6,-1.2,1.6,6.8,6.7,0.07,24.5
2021-01-04,6.6,0.7,2.8,1.2,1.0,0.14,16.5
2021-01-05,5.0,0.6,2.5,0.0,0.0,0.0,12.2
2021-01-06,4.8,-1.1,1.7,0.0,0.0,0.0,23.1
2021-01-07,6.0,-1.7,1.0,0.0,0.0,0.0,18.0
2021-01-08,5.3,-3.6,-0.2,0.0,0.0,0.0,22.7
2021-01-09,2.0,-4.1,-0.8,0.0,0.0,0.0,28.8
2021-01-10,5.3,-2.9,0.0,0.0,0.0,0.0,17.2
2021-01-11,2.2,-4.5,-1.6,0.0,0.0,0.0,10.2
2021-01-12,5.9,-2.8,0.3,0.0,0.0,0.0,11.6
2021-01-13,6.2,-3.8,0.7,0.0,0.0,0.0,16.4
2021-01-14,9.0,-0.7,3.1,0.0,0.0,0.0,10.5
2021-01-15,7.8,-0.9,3.8,5.9,5.9,0.0,28.1
2021-01-16,8.2,1.7,5.4,18.5,18.5,0.0,37.6
2021-01-17,7.5,-0.0,3.4,0.0,0.0,0.0,32.0
2021-01-18,6.7,0.2,2.9,0.0,0.0,0.0,23.8
2021-01-19,4.8,-1.6,1.4,0.0,0.0,0.0,27.7
2021-01-20,4.5,-4.0,-0.1,1.0,0.0,0.7,30.5
2021-01-21,5.4,-4.9,-0.4,0.0,0.0,0.0,21.4
2021-01-22,6.8,-1.2,2.5,0.0,0.0,0.0,27.4
2021-01-23,-0.2,-4.8,-2.5,0.0,0.0,0.0,35.4
2021-01-24,0.2,-5.6,-3.1,0.0,0.0,0.0,27.2
2021-01-25,3.5,-4.8,-1.3,0.0,0.0,0.0,12.4
2021-01-26,1.4,-1.5,0.0,4.9,1.0,2.73,18.3
2021-01-27,4.3,-2.2,1.1,0.2,0.2,0.0,23.9
2021-01-28,0.1,-6.6,-2.9,0.0,0.0,0.0,34.2
2021-01-29,-4.0,-9.2,-6.8,0.0,0.0,0.0,38.5
2021-01-30,0.9,-8.9,-5.1,0.0,0.0,0.0,20.1
2021-01-31,-2.8,-7.8,-5.3,3.4,0.1,2.38,21.4
2021-02-01,0.7,-4.1,-1.5,38.4,0.0,26.88,45.7
2021-02-02,1.4,-1.9,-0.1,3.5,0.1,2.38,38.7
2021-02-03,1.4,-2.2,-0.6,0.1,0.0,0.07,21.0
2021-02-04,3.4,-3.5,-1.0,0.0,0.0,0.0,19.8
2021-02-05,5.0,-2.7,1.6,2.2,1.6,0.42,20.1
2021-02-06,4.1,-5.0,-0.5,0.0,0.0,0.0,28.3
2021-02-07,0.1,-4.7,-1.8,7.7,0.1,5.32,23.7
2021-02-08,-3.5,-10.9,-7.3,0.0,0.0,0.0,20.9
2021-02-09,0.9,-9.9,-3.9,2.0,0.8,0.84,17.5
2021-02-10,0.1,-9.2,-3.9,0.3,0.0,0.21,12.3
2021-02-11,0.3,-5.1,-3.0,4.3,0.0,3.01,15.9
2021-02-12,-2.7,-11.6,-6.1,0.0,0.0,0.0,14.5
2021-02-13,-2.5,-7.6,-4.6,1.4,0.7,0.49,18.8
2021-02-14,2.4,-2.7,-0.7,0.4,0.4,0.0,15.5
2021-02-15,0.5,-2.6,-0.8,1.8,1.8,0.0,18.3
2021-02-16,8.5,-1.4,4.6,30.8,30.8,0.0,26.1
2021-02-17,-1.2,-6.8,-4.3,0.0,0.0,0.0,20.7
2021-02-18,-2.5,-5.2,-3.7,13.7,0.0,9.59,20.8
2021-02-19,-0.5,-3.4,-1.6,4.9,0.0,3.43,18.0
2021-02-20,-0.0,-6.0,-2.3,0.0,0.0,0.0,18.8
2021-02-21,0.5,-8.4,-4.6,0.0,0.0,0.0,13.9
2021-02-22,2.5,-7.2,-0.8,13.9,8.0,4.13,24.2
2021-02-23,5.8,-1.6,2.4,0.6,0.6,0.0,21.7
2021-02-24,11.1,-0.9,4.7,0.0,0.0,0.0,23.2
2021-02-25,8.1,-2.3,4.5,0.0,0.0,0.0,26.3
2021-02-26,6.2,-3.2,1.4,0.0,0.0,0.0,16.0
2021-02-27,11.9,2.8,6.0,11.5,11.5,0.0,19.6
2021-02-28,7.9,0.4,4.5,5.7,5.7,0.0,19.3
2021-03-01,9.0,0.2,5.4,7.2,7.2,0.0,38.8
2021-03-02,-0.0,-7.1,-3.4,0.0,0.0,0.0,34.7
2021-03-03,10.7,-2.7,3.3,0.0,0.0,0.0,21.7
2021-03-04,5.8,-3.7,1.8,0.0,0.0,0.0,33.6
2021-03-05,2.2,-6.5,-2.2,0.0,0.0,0.0,30.3
2021-03-06,1.5,-5.1,-1.4,0.0,0.0,0.0,24.7
2021-03-07,4.5,-5.1,-0.8,0.0,0.0,0.0,16.6
2021-03-08,6.1,-6.5,-0.4,0.0,0.0,0.0,14.6
2021-03-09,16.1,0.3,7.9,0.0,0.0,0.0,22.7
2021-03-10,10.5,-1.1,4.7,0.0,0.0,0.0,20.2
2021-03-11,20.1,2.6,11.3,0.0,0.0,0.0,19.9
2021-03-12,18.8,9.6,13.6,0.1,0.1,0.0,26.1
2021-03-13,8.9,-1.4,4.3,0.0,0.0,0.0,30.9
2021-03-14,10.2,-1.4,4.6,0.0,0.0,0.0,40.5
2021-03-15,2.9,-6.0,-1.6,0.0,0.0,0.0,33.6
2021-03-16,2.5,-3.8,-0.3,0.1,0.0,0.07,15.3
2021-03-17,7.9,0.4,4.2,0.0,0.0,0.0,13.4
2021-03-18,7.6,4.1,5.9,18.7,18.7,0.0,28.3
2021-03-19,5.7,-2.4,1.7,2.6,2.0,0.42,35.6
2021-03-20,12.7,-3.6,3.7,0.0,0.0,0.0,14.8
2021-03-21,15.1,-0.5,6.0,0.0,0.0,0.0,13.3
2021-03-22,13.2,-0.9,6.1,0.0,0.0,0.0,14.7
2021-03-23,16.2,1.5,8.0,0.0,0.0,0.0,13.2
2021-03-24,13.2,4.1,9.4,30.3,30.3,0.0,18.1
2021-03-25,19.6,8.9,12.1,1.4,1.4,0.0,17.4
2021-03-26,25.7,9.8,16.5,1.7,1.7,0.0,41.1
2021-03-27,17.7,6.7,11.7,0.0,0.0,0.0,23.2
2021-03-28,19.1,7.9,12.1,16.7,16.7,0.0,31.6
2021-03-29,11.6,3.0,7.9,0.0,0.0,0.0,36.5
2021-03-30,12.6,0.7,7.8,0.0,0.0,0.0,29.4
2021-03-31,16.8,7.5,12.2,17.1,17.1,0.0,28.3
2021-04-01,11.2,2.2,7.2,3.1,3.1,0.0,29.9
2021-04-02,3.6,-3.3,0.9,0.0,0.0,0.0,27.0
2021-04-03,11.0,-2.1,4.2,0.0,0.0,0.0,17.1
2021-04-04,15.9,3.8,9.7,0.0,0.0,0.0,20.0
2021-04-05,18.2,5.8,11.7,0.0,0.0,0.0,27.7
2021-04-06,18.4,5.1,11.2,0.0,0.0,0.0,20.9
2021-04-07,20.0,6.7,12.0,1.2,1.2,0.0,16.4
2021-04-08,17.9,5.2,11.6,0.0,0.0,0.0,18.6
2021-04-09,12.3,5.7,8.8,0.0,0.0,0.0,15.6
2021-04-10,16.5,8.8,12.2,1.3,1.3,0.0,14.8
2021-04-11,14.7,8.5,11.9,29.4,29.4,0.0,23.6
2021-04-12,9.1,6.8,7.9,12.1,12.1,0.0,22.8
2021-04-13,18.5,5.9,11.0,3.6,3.6,0.0,13.8
2021-04-14,20.1,5.8,12.9,0.0,0.0,0.0,20.6
2021-04-15,13.0,7.2,10.7,15.0,15.0,0.0,18.8
2021-04-16,12.3,3.7,7.8,2.0,2.0,0.0,25.5
2021-04-17,12.1,5.1,8.7,0.2,0.2,0.0,15.2
2021-04-18,15.5,5.4,10.6,0.0,0.0,0.0,14.2
2021-04-19,17.0,5.8,11.5,0.0,0.0,0.0,16.2
2021-04-20,21.6,6.5,14.5,0.0,0.0,0.0,26.8
2021-04-21,18.3,3.3,11.5,2.2,2.2,0.0,31.1
2021-04-22,8.2,1.4,5.0,0.0,0.0,0.0,34.7
2021-04-23,15.6,2.0,9.3,0.0,0.0,0.0,30.1
2021-04-24,20.1,5.2,13.0,0.0,0.0,0.0,29.0
2021-04-25,16.7,8.6,12.0,13.0,13.0,0.0,22.0
2021-04-26,14.0,3.7,9.1,0.0,0.0,0.0,28.4
2021-04-27,14.6,3.9,9.9,0.6,0.4,0.14,16.4
2021-04-28,27.1,8.2,17.0,0.0,0.0,0.0,17.6
2021-04-29,22.9,12.6,18.1,3.1,3.1,0.0,27.2
2021-04-30,19.0,7.0,15.4,0.2,0.2,0.0,40.0
2021-05-01,17.5,5.1,11.1,0.0,0.0,0.0,33.0
2021-05-02,26.3,12.1,18.4,0.0,0.0,0.0,24.1
2021-05-03,16.2,11.6,14.2,8.4,8.4,0.0,14.7
2021-05-04,22.3,11.1,14.8,9.6,9.6,0.0,22.8
2021-05-05,15.5,10.9,12.6,8.3,8.3,0.0,22.7
2021-05-06,17.4,8.8,13.0,0.0,0.0,0.0,23.6
2021-05-07,16.6,7.9,11.9,0.0,0.0,0.0,16.8
2021-05-08,11.6,7.5,9.9,2.7,2.7,0.0,20.1
2021-05-09,16.9,5.8,10.4,8.9,8.9,0.0,20.4
2021-05-10,15.2,8.2,11.3,2.3,2.3,0.0,20.3
2021-05-11,16.9,8.1,12.3,0.3,0.3,0.0,27.0
2021-05-12,18.0,5.9,12.0,0.0,0.0,0.0,20.3
2021-05-13,19.3,7.4,13.9,0.0,0.0,0.0,15.6
2021-05-14,22.1,7.6,15.4,0.0,0.0,0.0,15.8
2021-05-15,22.8,8.4,16.6,0.0,0.0,0.0,13.3
2021-05-16,21.8,10.2,16.5,0.0,0.0,0.0,22.3
2021-05-17,23.0,9.7,16.8,0.0,0.0,0.0,19.0
2021-05-18,26.6,11.2,19.5,0.0,0.0,0.0,14.8
2021-05-19,28.7,13.1,20.9,0.0,0.0,0.0,19.1
2021-05-20,21.7,12.4,16.6,0.0,0.0,0.0,20.2
2021-05-21,23.1,11.8,17.8,0.0,0.0,0.0,19.7
2021-05-22,30.9,16.8,24.3,0.0,0.0,0.0,21.4
2021-05-23,31.7,19.1,25.1,0.0,0.0,0.0,28.1
2021-05-24,18.1,13.9,16.0,0.0,0.0,0.0,22.7
2021-05-25,21.7,13.2,17.7,0.0,0.0,0.0,26.0
2021-05-26,29.4,17.5,23.3,2.5,2.5,0.0,25.3
2021-05-27,27.8,17.5,22.7,1.9,1.9,0.0,21.4
2021-05-28,19.0,10.3,14.7,29.9,29.9,0.0,29.1
2021-05-29,11.2,8.5,9.8,23.8,23.8,0.0,32.4
2021-05-30,11.6,8.5,10.0,14.1,14.1,0.0,30.3
2021-05-31,20.6,9.5,14.2,0.7,0.7,0.0,21.4
2021-06-01,23.9,9.6,17.1,0.0,0.0,0.0,18.4
2021-06-02,21.8,12.7,17.3,0.0,0.0,0.0,17.0
2021-06-03,22.5,13.2,18.0,14.8,14.8,0.0,13.0
2021-06-04,25.5,17.7,20.9,4.1,4.1,0.0,17.1
2021-06-05,31.6,17.2,24.4,0.0,0.0,0.0,21.3
2021-06-06,31.5,20.3,25.8,0.0,0.0,0.0,16.3
2021-06-07,30.4,20.9,25.4,0.3,0.3,0.0,17.0
2021-06-08,30.3,21.9,25.2,5.8,5.8,0.0,16.3
2021-06-09,30.5,21.5,25.7,1.4,1.4,0.0,12.0
2021-06-10,26.6,16.6,22.3,0.2,0.2,0.0,23.7
2021-06-11,20.8,15.4,17.8,0.7,0.7,0.0,14.9
2021-06-12,21.4,16.1,18.5,0.2,0.2,0.0,15.2
2021-06-13,23.7,14.8,18.9,0.1,0.1,0.0,19.1
2021-06-14,21.4,17.7,19.2,17.8,17.8,0.0,22.4
2021-06-15,25.5,17.4,21.0,0.6,0.6,0.0,17.9
2021-06-16,23.4,15.4,19.5,0.0,0.0,0.0,20.5
2021-06-17,24.1,12.4,18.6,0.0,0.0,0.0,13.6
2021-06-18,27.6,13.4,21.1,0.0,0.0,0.0,20.5
2021-06-19,32.4,19.6,24.2,2.0,2.0,0.0,22.9
2021-06-20,29.3,17.3,23.2,0.3,0.3,0.0,21.6
2021-06-21,27.9,21.7,24.8,0.6,0.6,0.0,27.3
2021-06-22,24.6,14.6,20.3,8.7,8.7,0.0,24.3
2021-06-23,23.3,12.4,18.1,0.0,0.0,0.0,17.3
2021-06-24,22.8,13.6,18.5,0.0,0.0,0.0,20.8
2021-06-25,24.3,15.9,19.7,0.0,0.0,0.0,22.8
2021-06-26,26.3,18.6,23.0,1.8,1.8,0.0,25.3
2021-06-27,29.3,22.2,25.8,0.5,0.5,0.0,19.6
2021-06-28,32.6,23.0,27.7,0.0,0.0,0.0,23.1
2021-06-29,33.6,24.1,28.7,0.0,0.0,0.0,23.1
2021-06-30,35.5,25.0,29.9,0.0,0.0,0.0,19.0
2021-07-01,28.7,21.9,24.8,23.5,23.5,0.0,13.6
2021-07-02,24.5,18.4,22.0,28.2,28.2,0.0,20.1
2021-07-03,19.6,16.5,17.7,15.9,15.9,0.0,27.1
2021-07-04,25.1,15.7,20.5,1.7,1.7,0.0,12.0
2021-07-05,26.4,18.1,23.0,0.2,0.2,0.0,22.5
2021-07-06,33.4,22.0,26.5,1.6,1.6,0.0,29.8
2021-07-07,31.9,22.1,26.9,0.0,0.0,0.0,19.5
2021-07-08,28.0,21.5,24.6,13.2,13.2,0.0,23.9
2021-07-09,30.1,21.9,24.7,36.2,36.2,0.0,33.6
2021-07-10,25.9,20.9,23.3,1.1,1.1,0.0,15.5
2021-07-11,24.8,20.0,22.6,2.6,2.6,0.0,17.3
2021-07-12,28.5,22.7,24.9,16.3,16.3,0.0,13.1
2021-07-13,25.8,21.2,22.9,1.5,1.5,0.0,13.8
2021-07-14,30.6,21.7,25.1,1.3,1.3,0.0,14.9
2021-07-15,29.4,21.2,25.9,0.1,0.1,0.0,15.0
2021-07-16,32.5,23.4,27.8,0.4,0.4,0.0,13.1
2021-07-17,30.8,23.4,26.8,16.3,16.3,0.0,22.3
2021-07-18,28.5,23.1,25.3,7.4,7.4,0.0,20.4
2021-07-19,27.8,21.0,24.1,0.2,0.2,0.0,13.2
2021-07-20,31.1,21.2,25.7,0.0,0.0,0.0,17.4
2021-07-21,28.1,20.4,23.9,5.3,5.3,0.0,14.9
2021-07-22,26.8,17.8,22.6,0.0,0.0,0.0,15.6
2021-07-23,26.4,17.5,22.5,0.0,0.0,0.0,12.4
2021-07-24,26.8,18.2,22.8,0.0,0.0,0.0,17.2
2021-07-25,28.8,20.0,24.5,7.9,7.9,0.0,20.7
2021-07-26,31.9,21.7,26.1,0.0,0.0,0.0,11.8
2021-07-27,30.6,19.5,25.2,0.1,0.1,0.0,24.2
2021-07-28,27.0,20.4,23.3,1.1,1.1,0.0,17.7
2021-07-29,25.5,19.8,22.5,32.2,32.2,0.0,27.2
2021-07-30,28.0,18.4,23.2,0.0,0.0,0.0,25.2
2021-07-31,25.9,14.5,20.0,0.0,0.0,0.0,22.3
2021-08-01,24.2,16.5,21.4,0.7,0.7,0.0,21.7
2021-08-02,26.6,17.3,21.6,0.0,0.0,0.0,19.7
2021-08-03,24.3,15.8,20.6,0.0,0.0,0.0,9.7
2021-08-04,24.5,17.6,21.0,0.8,0.8,0.0,14.0
2021-08-05,27.1,17.5,21.8,0.1,0.1,0.0,14.2
2021-08-06,28.8,17.2,24.0,0.0,0.0,0.0,21.7
2021-08-07,29.7,19.7,24.6,0.0,0.0,0.0,26.5
2021-08-08,22.8,18.9,20.9,13.3,13.3,0.0,20.4
2021-08-09,26.4,20.3,23.0,0.6,0.6,0.0,18.7
2021-08-10,27.3,20.4,24.2,6.4,6.4,0.0,18.2
2021-08-11,31.8,23.1,26.8,2.9,2.9,0.0,22.1
2021-08-12,35.2,23.0,28.5,0.0,0.0,0.0,21.2
2021-08-13,33.1,24.8,28.5,0.0,0.0,0.0,20.0
2021-08-14,31.5,23.8,27.1,5.2,5.2,0.0,18.5
2021-08-15,27.7,20.4,23.6,0.0,0.0,0.0,18.2
2021-08-16,26.6,20.1,23.0,0.0,0.0,0.0,18.0
2021-08-17,26.2,22.0,23.8,2.3,2.3,0.0,21.8
2021-08-18,27.0,21.1,24.5,2.9,2.9,0.0,26.2
2021-08-19,30.4,23.5,26.4,7.3,7.3,0.0,25.7
2021-08-20,26.7,22.1,24.6,1.8,1.8,0.0,11.0
2021-08-21,27.1,22.1,24.6,1.2,1.2,0.0,15.6
2021-08-22,23.6,22.4,23.1,68.7,68.7,0.0,20.9
2021-08-23,28.6,21.9,24.6,33.7,33.7,0.0,28.8
2021-08-24,30.9,21.9,26.0,0.0,0.0,0.0,14.2
2021-08-25,31.3,20.2,26.0,0.0,0.0,0.0,10.0
2021-08-26,31.9,22.6,26.8,0.1,0.1,0.0,16.2
2021-08-27,32.4,23.5,27.3,1.6,1.6,0.0,10.0
2021-08-28,26.0,20.1,22.8,3.3,3.3,0.0,24.8
2021-08-29,24.5,19.2,22.0,2.0,2.0,0.0,13.8
2021-08-30,28.7,21.7,24.7,5.2,5.2,0.0,16.1
2021-08-31,28.9,21.3,24.7,0.0,0.0,0.0,16.8
2021-09-01,22.6,17.9,21.2,117.0,117.0,0.0,45.2
2021-09-02,24.5,15.2,19.4,16.9,16.9,0.0,41.9
2021-09-03,22.0,14.3,18.3,0.0,0.0,0.0,15.3
2021-09-04,25.0,14.8,19.7,0.0,0.0,0.0,15.9
2021-09-05,24.6,17.0,21.0,1.2,1.2,0.0,15.5
2021-09-06,27.1,18.5,22.5,0.0,0.0,0.0,20.2
2021-09-07,26.1,15.5,20.9,0.0,0.0,0.0,13.3
2021-09-08,26.6,19.8,23.3,1.6,1.6,0.0,26.3
2021-09-09,21.8,19.5,21.0,18.4,18.4,0.0,18.5
2021-09-10,23.0,16.1,19.4,0.0,0.0,0.0,25.3
2021-09-11,24.8,13.4,19.3,0.0,0.0,0.0,16.5
2021-09-12,29.0,18.5,23.2,0.0,0.0,0.0,25.2
2021-09-13,29.1,21.6,24.9,1.7,1.7,0.0,21.3
2021-09-14,25.8,19.3,22.1,0.0,0.0,0.0,18.8
2021-09-15,30.0,20.8,24.8,0.8,0.8,0.0,23.1
2021-09-16,24.1,19.3,21.5,4.0,4.0,0.0,20.9
2021-09-17,23.8,20.2,21.8,1.6,1.6,0.0,20.5
2021-09-18,27.4,19.3,23.2,0.4,0.4,0.0,15.5
2021-09-19,23.6,16.9,20.3,0.0,0.0,0.0,18.8
2021-09-20,22.8,15.2,18.8,0.3,0.3,0.0,17.1
2021-09-21,23.1,16.9,20.3,1.7,1.7,0.0,16.0
2021-09-22,25.1,19.7,22.8,3.3,3.3,0.0,30.1
2021-09-23,26.1,17.5,22.9,23.2,23.2,0.0,40.9
2021-09-24,22.4,14.8,18.6,21.4,21.4,0.0,15.5
2021-09-25,22.7,14.0,18.4,0.0,0.0,0.0,7.7
2021-09-26,21.5,15.6,18.2,0.0,0.0,0.0,24.3
2021-09-27,26.0,14.7,20.1,0.0,0.0,0.0,25.5
2021-09-28,22.5,15.2,19.5,15.3,15.3,0.0,20.9
2021-09-29,20.2,11.6,15.7,0.1,0.1,0.0,22.2
2021-09-30,19.1,12.6,15.4,0.0,0.0,0.0,20.7
2021-10-01,19.5,9.7,14.3,0.0,0.0,0.0,12.6
2021-10-02,23.9,10.8,16.8,0.0,0.0,0.0,17.7
2021-10-03,26.0,13.0,19.3,0.0,0.0,0.0,13.6
2021-10-04,21.2,16.5,19.3,22.8,22.8,0.0,19.2
2021-10-05,20.0,15.2,17.1,0.0,0.0,0.0,15.8
2021-10-06,20.5,16.2,17.9,0.0,0.0,0.0,6.9
2021-10-07,22.5,16.0,18.7,0.4,0.4,0.0,11.0
2021-10-08,24.0,14.0,18.7,0.0,0.0,0.0,13.8
2021-10-09,20.3,15.3,17.5,0.4,0.4,0.0,22.3
2021-10-10,18.9,16.6,17.5,2.8,2.8,0.0,28.1
2021-10-11,21.6,16.4,18.2,0.0,0.0,0.0,27.8
2021-10-12,21.6,15.1,17.6,0.0,0.0,0.0,12.8
2021-10-13,21.7,15.2,18.1,0.1,0.1,0.0,12.9
2021-10-14,25.1,15.3,19.4,0.0,0.0,0.0,16.8
2021-10-15,25.1,15.0,19.8,0.0,0.0,0.0,18.5
2021-10-16,24.6,14.8,20.0,17.9,17.9,0.0,27.9
2021-10-17,17.5,11.2,13.9,0.1,0.1,0.0,24.5
2021-10-18,16.0,9.2,12.0,0.0,0.0,0.0,33.5
2021-10-19,19.2,8.3,13.7,0.0,0.0,0.0,24.9
2021-10-20,24.3,13.8,18.0,0.0,0.0,0.0,21.1
2021-10-21,23.1,11.9,17.2,0.0,0.0,0.0,17.8
2021-10-22,20.3,14.2,17.4,0.0,0.0,0.0,17.9
2021-10-23,16.2,10.6,12.9,0.4,0.4,0.0,14.9
2021-10-24,15.6,7.4,12.1,2.8,2.8,0.0,13.0
2021-10-25,23.2,14.8,18.6,12.0,12.0,0.0,20.1
2021-10-26,17.1,13.2,15.7,76.8,76.8,0.0,31.3
2021-10-27,16.2,11.7,13.9,5.6,5.6,0.0,36.5
2021-10-28,15.2,8.1,11.6,0.0,0.0,0.0,20.2
2021-10-29,14.3,8.8,11.7,11.4,11.4,0.0,38.0
2021-10-30,17.8,13.7,15.6,5.3,5.3,0.0,40.9
2021-10-31,18.4,12.5,14.6,5.2,5.2,0.0,22.1
2021-11-01,14.6,7.7,11.6,0.0,0.0,0.0,21.9
2021-11-02,11.5,6.5,9.4,0.7,0.7,0.0,14.6
2021-11-03,11.0,3.6,6.9,0.1,0.1,0.0,17.1
2021-11-04,9.9,2.8,6.4,0.0,0.0,0.0,9.5
2021-11-05,10.7,3.4,6.4,0.0,0.0,0.0,15.5
2021-11-06,10.6,3.1,6.9,0.0,0.0,0.0,9.5
2021-11-07,11.9,2.8,7.1,0.0,0.0,0.0,11.2
2021-11-08,16.6,6.7,10.7,0.0,0.0,0.0,19.2
2021-11-09,19.6,6.0,11.9,0.0,0.0,0.0,10.1
2021-11-10,17.4,7.1,12.4,0.4,0.4,0.0,22.5
2021-11-11,15.2,4.0,10.5,0.7,0.7,0.0,28.7
2021-11-12,18.6,8.0,14.9,15.8,15.8,0.0,40.7
2021-11-13,16.2,4.7,9.1,3.8,3.8,0.0,37.8
2021-11-14,8.5,3.0,6.1,1.2,1.2,0.0,20.2
2021-11-15,8.7,2.1,5.6,0.6,0.6,0.0,31.0
2021-11-16,9.6,2.0,5.2,0.0,0.0,0.0,20.5
2021-11-17,12.4,0.4,7.7,0.0,0.0,0.0,21.6
2021-11-18,19.0,9.6,13.4,3.7,3.7,0.0,24.6
2021-11-19,9.4,3.1,6.6,1.9,1.9,0.0,29.8
2021-11-20,6.8,0.3,4.4,0.0,0.0,0.0,15.5
2021-11-21,12.0,4.8,8.6,0.7,0.7,0.0,20.5
2021-11-22,11.4,1.9,8.2,1.4,1.4,0.0,23.5
2021-11-23,5.6,-0.3,2.2,0.5,0.1,0.28,28.6
2021-11-24,7.1,-1.5,2.4,0.0,0.0,0.0,18.2
2021-11-25,11.4,1.1,6.2,0.0,0.0,0.0,11.8
2021-11-26,7.3,1.8,5.6,8.4,8.4,0.0,29.7
2021-11-27,4.6,0.6,2.2,0.0,0.0,0.0,30.4
2021-11-28,4.6,0.4,2.2,2.0,0.0,1.4,10.9
2021-11-29,6.0,-0.7,2.9,0.3,0.3,0.0,21.6
2021-11-30,4.8,-2.5,1.4,0.2,0.2,0.0,19.0
2021-12-01,8.7,1.1,4.6,0.1,0.1,0.0,16.6
2021-12-02,13.7,5.8,10.3,2.1,2.1,0.0,28.1
2021-12-03,8.4,1.1,5.2,0.0,0.0,0.0,27.7
2021-12-04,8.5,0.4,4.5,0.0,0.0,0.0,13.7
2021-12-05,8.4,0.1,4.6,0.0,0.0,0.0,16.5
2021-12-06,16.4,8.8,12.3,5.6,5.6,0.0,36.0
2021-12-07,6.6,0.8,3.3,0.0,0.0,0.0,28.3
2021-12-08,4.8,0.6,2.7,0.5,0.5,0.0,15.6
2021-12-09,3.7,-1.8,1.3,0.0,0.0,0.0,19.7
2021-12-10,8.6,2.6,5.5,0.0,0.0,0.0,10.7
2021-12-11,17.5,5.0,12.4,6.8,6.8,0.0,35.7
2021-12-12,11.0,3.2,6.4,0.1,0.1,0.0,32.1
2021-12-13,10.4,2.1,5.7,0.0,0.0,0.0,20.1
2021-12-14,10.5,2.3,5.9,0.0,0.0,0.0,18.4
2021-12-15,10.4,1.4,6.4,1.0,1.0,0.0,22.9
2021-12-16,14.6,9.9,11.9,0.0,0.0,0.0,24.1
2021-12-17,14.2,6.2,11.3,0.0,0.0,0.0,22.0
2021-12-18,6.9,4.5,5.6,3.7,3.7,0.0,12.7
2021-12-19,7.3,-2.1,3.5,0.4,0.4,0.0,27.6
2021-12-20,1.9,-4.4,-1.1,0.0,0.0,0.0,16.3
2021-12-21,5.6,-2.1,1.6,0.2,0.2,0.0,13.8
2021-12-22,8.2,-0.1,4.2,4.0,4.0,0.0,26.7
2021-12-23,2.3,-2.2,0.1,0.0,0.0,0.0,19.6
2021-12-24,5.8,-1.5,1.6,2.0,0.0,1.4,14.8
2021-12-25,9.1,0.5,5.8,4.8,4.8,0.0,16.9
2021-12-26,8.8,2.7,6.2,0.1,0.1,0.0,23.5
2021-12-27,3.2,-1.3,1.2,1.7,0.9,0.56,13.7
2021-12-28,8.5,2.8,5.3,0.7,0.7,0.0,13.0
2021-12-29,7.8,4.3,5.5,10.3,10.3,0.0,12.4
2021-12-30,8.6,5.0,6.6,3.8,3.8,0.0,11.2
2021-12-31,11.2,6.7,8.7,0.5,0.5,0.0,15.1
2022-01-01,11.7,7.5,9.7,26.5,26.5,0.0,19.2
2022-01-02,13.7,2.1,9.2,8.8,8.8,0.0,26.6
2022-01-03,1.7,-4.7,-1.5,1.9,0.0,1.33,30.9
2022-01-04,0.7,-6.5,-3.0,0.0,0.0,0.0,21.4
2022-01-05,7.1,-2.0,2.2,0.3,0.3,0.0,23.0
2022-01-06,4.2,-0.2,1.8,0.1,0.0,0.07,19.8
2022-01-07,-0.2,-6.0,-1.9,8.9,0.0,6.23,25.5
2022-01-08,-2.5,-8.8,-5.8,0.0,0.0,0.0,20.8
2022-01-09,4.2,-4.9,0.8,5.0,5.0,0.0,24.0
2022-01-10,3.9,-4.1,-1.7,0.0,0.0,0.0,26.3
2022-01-11,-4.4,-8.6,-7.1,0.0,0.0,0.0,28.0
2022-01-12,4.7,-7.0,-1.8,0.0,0.0,0.0,22.0
2022-01-13,7.0,-3.2,1.1,0.0,0.0,0.0,11.6
2022-01-14,5.2,-5.3,1.4,0.0,0.0,0.0,36.4
2022-01-15,-5.1,-11.0,-8.2,0.0,0.0,0.0,22.9
2022-01-16,2.8,-13.1,-6.0,6.8,4.1,1.89,32.8
2022-01-17,9.3,0.1,3.4,33.6,33.4,0.14,54.0
2022-01-18,2.1,-5.0,-1.1,0.0,0.0,0.0,31.4
2022-01-19,7.7,-4.3,2.2,0.0,0.0,0.0,24.8
2022-01-20,4.8,-6.3,0.4,7.1,4.6,1.75,23.6
2022-01-21,-5.1,-11.3,-8.1,0.0,0.0,0.0,23.3
2022-01-22,-1.4,-12.0,-6.7,0.0,0.0,0.0,19.8
2022-01-23,2.9,-6.0,-2.0,0.3,0.0,0.21,14.4
2022-01-24,0.4,-2.8,-1.2,0.2,0.0,0.14,15.1
2022-01-25,6.5,-3.8,1.4,0.0,0.0,0.0,17.1
2022-01-26,-2.9,-7.7,-5.3,0.0,0.0,0.0,21.6
2022-01-27,-0.1,-9.2,-5.0,0.0,0.0,0.0,18.7
2022-01-28,0.8,-2.5,-1.1,3.2,0.0,2.24,22.7
2022-01-29,-2.7,-13.3,-8.9,17.9,0.0,12.6,43.9
2022-01-30,-6.1,-13.6,-10.3,0.0,0.0,0.0,25.7
2022-01-31,-3.3,-17.4,-10.7,0.0,0.0,0.0,13.4
2022-02-01,-1.5,-13.4,-6.9,0.0,0.0,0.0,12.2
2022-02-02,3.6,-7.1,-1.0,0.0,0.0,0.0,11.1
2022-02-03,10.4,2.4,5.4,12.8,12.8,0.0,21.6
2022-02-04,11.8,-2.1,3.6,23.8,23.6,0.14,29.0
2022-02-05,-1.7,-7.2,-4.3,0.3,0.0,0.21,27.8
2022-02-06,-1.3,-8.7,-5.3,0.0,0.0,0.0,16.1
2022-02-07,2.7,-4.6,0.2,5.7,5.0,0.49,15.2
2022-02-08,8.1,-2.1,2.5,3.2,3.2,0.0,24.4
2022-02-09,4.9,-4.7,0.3,0.0,0.0,0.0,17.6
2022-02-10,11.2,-0.3,4.3,0.1,0.1,0.0,32.2
2022-02-11,12.3,-3.6,4.8,0.0,0.0,0.0,27.2
2022-02-12,13.5,5.1,9.7,0.0,0.0,0.0,25.4
2022-02-13,4.1,-3.9,-0.2,5.7,0.0,3.99,20.3
2022-02-14,-3.2,-10.1,-7.0,0.0,0.0,0.0,27.6
2022-02-15,-0.2,-9.1,-5.1,0.0,0.0,0.0,13.5
2022-02-16,6.3,-4.9,1.2,0.0,0.0,0.0,21.3
2022-02-17,17.1,6.5,11.5,5.5,5.5,0.0,33.4
2022-02-18,15.5,-3.3,6.3,9.3,9.3,0.0,44.6
2022-02-19,3.7,-5.5,-1.5,0.4,0.0,0.28,36.4
2022-02-20,2.8,-6.4,-2.4,0.0,0.0,0.0,25.2
2022-02-21,10.0,-1.9,2.9,0.0,0.0,0.0,17.4
2022-02-22,14.4,0.4,8.8,5.1,5.1,0.0,40.7
2022-02-23,19.1,2.3,12.9,0.1,0.1,0.0,29.2
2022-02-24,0.7,-1.6,-0.3,0.1,0.1,0.0,23.5
2022-02-25,6.8,-3.6,1.0,19.9,17.1,1.96,30.0
2022-02-26,3.1,-6.5,-1.8,0.0,0.0,0.0,26.3
2022-02-27,8.2,-3.7,1.8,0.0,0.0,0.0,33.2
2022-02-28,1.6,-4.6,-1.4,0.0,0.0,0.0,23.0
2022-03-01,6.0,-3.5,2.5,0.2,0.2,0.0,24.6
2022-03-02,10.7,1.0,5.4,0.0,0.0,0.0,17.4
2022-03-03,5.5,-3.8,2.9,3.5,3.5,0.0,25.5
2022-03-04,3.3,-7.0,-2.5,0.0,0.0,0.0,20.8
2022-03-05,5.5,-4.4,1.5,0.1,0.1,0.0,20.1
2022-03-06,19.6,3.2,12.7,2.0,2.0,0.0,31.6
2022-03-07,23.1,11.1,17.4,3.6,3.6,0.0,38.8
2022-03-08,7.8,1.4,4.9,0.0,0.0,0.0,34.8
2022-03-09,3.9,0.4,2.2,15.4,7.9,5.25,19.1
2022-03-10,8.8,-1.8,2.9,0.0,0.0,0.0,12.7
2022-03-11,10.6,-0.6,4.7,0.0,0.0,0.0,22.0
2022-03-12,6.6,-4.6,1.1,15.4,8.2,5.04,37.1
2022-03-13,3.0,-6.0,-2.0,0.2,0.0,0.14,34.4
2022-03-14,13.4,-2.5,5.7,0.0,0.0,0.0,22.3
2022-03-15,15.8,3.2,9.6,0.0,0.0,0.0,21.9
2022-03-16,16.5,3.2,9.5,0.1,0.1,0.0,19.8
2022-03-17,12.1,3.9,8.4,6.6,6.6,0.0,18.6
2022-03-18,20.9,6.8,11.7,0.0,0.0,0.0,16.9
2022-03-19,17.8,6.8,12.9,3.3,3.3,0.0,18.8
2022-03-20,15.1,7.1,10.9,0.1,0.1,0.0,28.8
2022-03-21,15.8,5.1,9.9,0.0,0.0,0.0,30.3
2022-03-22,13.2,4.6,8.4,0.0,0.0,0.0,24.3
2022-03-23,8.0,1.6,4.8,3.7,3.7,0.0,20.9
2022-03-24,9.8,4.3,7.3,24.4,24.4,0.0,26.4
2022-03-25,16.0,4.7,10.1,4.1,4.1,0.0,29.3
2022-03-26,10.2,4.3,7.8,5.8,5.0,0.56,20.5
2022-03-27,7.8,-1.4,3.8,0.3,0.3,0.0,27.0
2022-03-28,0.3,-5.2,-2.7,0.1,0.0,0.07,32.3
2022-03-29,3.3,-5.1,-0.7,0.0,0.0,0.0,30.6
2022-03-30,5.8,-3.4,1.8,0.0,0.0,0.0,18.0
2022-03-31,19.0,3.9,13.9,5.3,5.3,0.0,36.3
2022-04-01,14.6,4.9,10.5,1.6,1.6,0.0,34.6
2022-04-02,11.2,1.5,5.8,0.0,0.0,0.0,28.2
2022-04-03,8.6,3.5,5.9,3.5,3.5,0.0,22.7
2022-04-04,12.4,2.8,7.4,0.1,0.1,0.0,25.0
2022-04-05,12.2,1.3,6.8,2.6,2.6,0.0,17.2
2022-04-06,12.7,6.4,9.0,19.2,19.2,0.0,33.6
2022-04-07,11.3,6.0,8.8,66.3,66.3,0.0,38.6
2022-04-08,16.8,7.0,11.7,5.7,5.7,0.0,22.4
2022-04-09,14.0,5.3,9.3,5.6,5.6,0.0,22.1
2022-04-10,10.0,3.7,7.2,0.0,0.0,0.0,31.2
2022-04-11,12.8,2.1,7.8,0.0,0.0,0.0,19.4
2022-04-12,20.7,7.6,12.7,1.6,1.6,0.0,19.7
2022-04-13,18.4,7.3,13.7,0.0,0.0,0.0,18.6
2022-04-14,28.7,13.3,19.9,0.2,0.2,0.0,27.1
2022-04-15,19.7,6.3,13.8,0.0,0.0,0.0,27.3
2022-04-16,19.9,7.3,13.9,4.3,4.3,0.0,26.0
2022-04-17,10.3,3.6,7.2,0.4,0.4,0.0,31.0
2022-04-18,10.2,1.5,6.1,12.1,12.1,0.0,32.8
2022-04-19,11.3,4.8,8.0,22.5,22.5,0.0,42.5
2022-04-20,14.0,3.4,8.4,0.0,0.0,0.0,26.6
2022-04-21,13.0,4.8,9.6,0.3,0.3,0.0,34.2
2022-04-22,18.3,8.3,13.3,0.0,0.0,0.0,22.3
2022-04-23,14.6,6.6,10.3,0.0,0.0,0.0,14.2
2022-04-24,15.6,7.1,10.8,0.0,0.0,0.0,25.4
2022-04-25,14.5,6.2,10.3,0.0,0.0,0.0,22.4
2022-04-26,16.3,9.9,13.0,4.9,4.9,0.0,12.5
2022-04-27,12.9,4.3,9.6,0.0,0.0,0.0,31.8
2022-04-28,12.4,3.2,7.6,0.0,0.0,0.0,34.7
2022-04-29,15.4,3.2,9.4,0.0,0.0,0.0,28.4
2022-04-30,17.8,4.2,10.9,0.0,0.0,0.0,18.0
2022-05-01,18.7,5.4,11.8,1.1,1.1,0.0,17.9
2022-05-02,14.9,9.4,12.0,2.7,2.7,0.0,16.5
2022-05-03,18.4,7.3,11.6,0.0,0.0,0.0,22.7
2022-05-04,20.6,9.6,13.6,5.3,5.3,0.0,18.1
2022-05-05,21.9,11.2,15.9,0.0,0.0,0.0,17.6
2022-05-06,14.1,9.3,12.2,22.5,22.5,0.0,14.4
2022-05-07,10.5,6.8,8.6,27.9,27.9,0.0,33.0
2022-05-08,12.9,6.9,9.7,2.3,2.3,0.0,30.4
2022-05-09,18.7,5.9,12.3,0.0,0.0,0.0,24.4
2022-05-10,20.0,7.8,13.9,0.0,0.0,0.0,24.1
2022-05-11,21.2,8.7,14.6,0.0,0.0,0.0,23.3
2022-05-12,21.0,11.3,15.5,0.0,0.0,0.0,16.1
2022-05-13,21.4,13.8,16.4,1.8,1.8,0.0,14.1
2022-05-14,20.7,14.0,16.6,7.0,7.0,0.0,15.8
2022-05-15,24.7,14.4,18.1,1.0,1.0,0.0,21.0
2022-05-16,23.2,15.3,19.0,6.9,6.9,0.0,24.9
2022-05-17,23.2,11.6,17.7,0.0,0.0,0.0,32.5
2022-05-18,21.4,11.4,16.4,0.2,0.2,0.0,18.2
2022-05-19,21.9,12.5,15.5,13.9,13.9,0.0,13.3
2022-05-20,21.4,11.0,16.6,5.8,5.8,0.0,22.3
2022-05-21,32.1,16.2,23.4,0.0,0.0,0.0,20.8
2022-05-22,30.6,20.6,25.2,1.1,1.1,0.0,18.9
2022-05-23,22.5,15.6,19.0,0.0,0.0,0.0,22.6
2022-05-24,19.2,12.7,15.9,0.1,0.1,0.0,19.5
2022-05-25,19.1,11.1,14.6,0.0,0.0,0.0,19.1
2022-05-26,19.6,11.1,15.9,0.0,0.0,0.0,25.4
2022-05-27,23.7,16.4,19.8,12.8,12.8,0.0,23.6
2022-05-28,23.1,17.5,20.3,6.3,6.3,0.0,21.3
2022-05-29,24.6,13.8,19.3,0.0,0.0,0.0,17.6
2022-05-30,29.1,15.0,22.3,0.0,0.0,0.0,24.7
2022-05-31,33.7,18.9,26.9,0.0,0.0,0.0,17.1
2022-06-01,21.6,15.7,18.0,10.6,10.6,0.0,19.1
2022-06-02,26.9,16.6,20.8,5.7,5.7,0.0,13.0
2022-06-03,24.4,18.3,20.7,2.2,2.2,0.0,19.4
2022-06-04,26.4,13.4,20.0,0.0,0.0,0.0,23.1
2022-06-05,23.8,13.2,18.5,0.0,0.0,0.0,19.1
2022-06-06,26.0,13.2,20.0,0.0,0.0,0.0,23.5
2022-06-07,24.6,14.5,19.9,0.9,0.9,0.0,34.2
2022-06-08,29.4,19.2,22.9,0.4,0.4,0.0,21.0
2022-06-09,28.2,18.0,22.8,9.4,9.4,0.0,29.2
2022-06-10,26.2,15.0,20.6,0.0,0.0,0.0,23.6
2022-06-11,24.3,15.7,20.2,0.8,0.8,0.0,11.2
2022-06-12,22.7,16.0,19.2,8.4,8.4,0.0,24.5
2022-06-13,27.5,17.2,23.2,4.5,4.5,0.0,15.5
2022-06-14,27.8,18.9,22.5,0.0,0.0,0.0,23.7
2022-06-15,26.9,17.5,21.5,0.0,0.0,0.0,27.6
2022-06-16,23.1,17.6,20.0,13.1,13.1,0.0,30.0
2022-06-17,32.0,19.3,25.2,0.0,0.0,0.0,31.3
2022-06-18,21.9,15.0,19.0,0.0,0.0,0.0,31.9
2022-06-19,22.2,12.6,17.5,0.0,0.0,0.0,32.5
2022-06-20,26.4,13.1,19.8,0.0,0.0,0.0,15.9
2022-06-21,26.4,14.1,20.1,2.1,2.1,0.0,13.5
2022-06-22,20.4,16.9,18.5,2.9,2.9,0.0,25.5
2022-06-23,22.3,15.9,19.3,0.8,0.8,0.0,17.4
2022-06-24,25.9,14.8,20.9,0.6,0.6,0.0,21.3
2022-06-25,32.4,18.1,24.3,0.0,0.0,0.0,23.3
2022-06-26,30.8,20.0,24.9,0.0,0.0,0.0,32.4
2022-06-27,26.6,19.6,23.6,8.5,8.5,0.0,24.0
2022-06-28,27.8,18.6,22.3,0.2,0.2,0.0,16.0
2022-06-29,29.1,17.1,22.9,0.0,0.0,0.0,29.7
2022-06-30,31.6,17.4,24.2,0.0,0.0,0.0,23.0
2022-07-01,33.7,20.4,26.6,0.0,0.0,0.0,33.9
2022-07-02,30.2,22.9,25.7,14.6,14.6,0.0,20.9
2022-07-03,31.1,21.3,25.5,0.1,0.1,0.0,17.0
2022-07-04,30.1,18.0,24.1,0.0,0.0,0.0,19.1
2022-07-05,30.2,20.1,24.3,0.9,0.9,0.0,32.5
2022-07-06,31.8,21.8,26.8,0.1,0.1,0.0,21.4
2022-07-07,27.0,19.9,23.6,0.0,0.0,0.0,23.7
2022-07-08,28.9,19.6,23.6,1.4,1.4,0.0,17.0
2022-07-09,29.6,20.7,24.2,0.0,0.0,0.0,24.2
2022-07-10,27.2,18.6,22.6,0.0,0.0,0.0,23.2
2022-07-11,28.4,17.6,22.6,0.0,0.0,0.0,35.2
2022-07-12,33.9,19.4,26.5,0.6,0.6,0.0,36.2
2022-07-13,32.7,21.4,26.7,0.0,0.0,0.0,30.0
2022-07-14,31.5,21.6,26.4,0.3,0.3,0.0,20.8
2022-07-15,28.5,20.6,24.3,0.1,0.1,0.0,20.1
2022-07-16,27.7,20.2,23.5,13.1,13.1,0.0,17.7
2022-07-17,27.9,20.0,24.3,1.0,1.0,0.0,19.2
2022-07-18,30.1,22.4,25.1,13.0,13.0,0.0,24.7
2022-07-19,33.7,21.3,27.2,0.0,0.0,0.0,21.4
2022-07-20,33.9,22.4,28.2,0.0,0.0,0.0,20.7
2022-07-21,33.6,24.7,28.6,2.6,2.6,0.0,25.2
2022-07-22,34.2,21.6,27.6,0.0,0.0,0.0,28.9
2022-07-23,34.4,22.9,28.1,0.0,0.0,0.0,25.4
2022-07-24,35.9,24.0,30.0,0.0,0.0,0.0,29.2
2022-07-25,31.5,25.1,27.2,24.1,24.1,0.0,25.5
2022-07-26,28.9,20.0,24.6,0.0,0.0,0.0,21.1
2022-07-27,28.1,18.1,23.9,0.0,0.0,0.0,20.2
2022-07-28,30.6,22.2,26.1,1.3,1.3,0.0,25.1
2022-07-29,30.6,22.3,26.4,0.5,0.5,0.0,18.3
2022-07-30,32.1,22.1,26.4,0.7,0.7,0.0,22.0
2022-07-31,28.6,19.0,24.5,0.0,0.0,0.0,20.0
2022-08-01,26.2,20.8,23.2,7.4,7.4,0.0,22.3
2022-08-02,33.3,21.3,27.0,0.0,0.0,0.0,16.9
2022-08-03,32.4,21.3,25.5,0.0,0.0,0.0,22.2
2022-08-04,33.1,21.3,27.3,0.0,0.0,0.0,29.3
2022-08-05,32.8,23.1,28.0,0.4,0.4,0.0,16.7
2022-08-06,32.5,23.4,27.7,4.4,4.4,0.0,27.2
2022-08-07,34.2,23.6,28.4,1.9,1.9,0.0,27.4
2022-08-08,34.6,25.4,29.6,0.7,0.7,0.0,24.0
2022-08-09,37.4,26.2,30.0,7.1,7.1,0.0,19.3
2022-08-10,32.7,23.1,26.3,0.1,0.1,0.0,23.7
2022-08-11,32.2,23.1,26.4,0.8,0.8,0.0,23.5
2022-08-12,29.1,21.1,24.9,0.0,0.0,0.0,21.0
2022-08-13,27.1,17.7,22.0,0.0,0.0,0.0,22.2
2022-08-14,27.0,16.7,22.2,0.0,0.0,0.0,24.9
2022-08-15,27.4,18.0,22.5,0.1,0.1,0.0,17.0
2022-08-16,28.1,18.2,22.8,0.0,0.0,0.0,26.1
2022-08-17,27.0,18.3,22.5,0.2,0.2,0.0,19.6
2022-08-18,30.7,17.2,23.9,0.1,0.1,0.0,16.8
2022-08-19,31.6,17.8,24.7,0.0,0.0,0.0,28.0
2022-08-20,31.6,21.1,25.8,0.3,0.3,0.0,22.2
2022-08-21,27.8,20.0,24.0,0.1,0.1,0.0,22.2
2022-08-22,24.4,21.1,22.8,17.7,17.7,0.0,15.9
2022-08-23,29.1,20.8,24.1,5.8,5.8,0.0,15.6
2022-08-24,31.3,19.6,25.2,0.0,0.0,0.0,13.6
2022-08-25,31.6,19.3,25.4,0.0,0.0,0.0,20.5
2022-08-26,29.4,21.1,24.7,16.5,16.5,0.0,20.7
2022-08-27,29.6,20.3,25.0,0.0,0.0,0.0,13.7
2022-08-28,27.3,21.7,23.9,1.4,1.4,0.0,19.3
2022-08-29,28.5,21.2,24.6,0.1,0.1,0.0,25.5
2022-08-30,30.0,21.7,25.3,2.2,2.2,0.0,29.7
2022-08-31,28.9,20.7,24.3,0.1,0.1,0.0,22.9
2022-09-01,29.9,19.4,24.1,0.0,0.0,0.0,19.5
2022-09-02,25.0,15.8,20.4,0.0,0.0,0.0,15.6
2022-09-03,26.2,17.7,22.0,0.0,0.0,0.0,18.4
2022-09-04,30.2,20.3,24.4,1.3,1.3,0.0,12.6
2022-09-05,28.4,21.1,24.2,6.8,6.8,0.0,20.0
2022-09-06,22.3,19.8,21.3,31.4,31.4,0.0,22.5
2022-09-07,22.9,18.7,20.4,1.2,1.2,0.0,22.3
2022-09-08,23.9,17.9,20.6,0.0,0.0,0.0,17.1
2022-09-09,26.3,16.3,20.6,0.0,0.0,0.0,11.6
2022-09-10,27.4,15.4,21.3,0.0,0.0,0.0,14.7
2022-09-11,24.6,18.5,21.0,16.8,16.8,0.0,13.4
2022-09-12,27.9,20.5,23.1,9.2,9.2,0.0,15.6
2022-09-13,26.0,19.8,22.6,6.6,6.6,0.0,18.0
2022-09-14,26.8,15.8,20.8,0.0,0.0,0.0,19.7
2022-09-15,22.1,15.0,18.9,0.0,0.0,0.0,18.9
2022-09-16,24.1,11.9,17.9,0.0,0.0,0.0,12.2
2022-09-17,22.5,16.9,19.6,0.0,0.0,0.0,17.4
2022-09-18,29.0,17.2,22.7,0.0,0.0,0.0,20.7
2022-09-19,30.1,19.1,23.2,1.8,1.8,0.0,23.9
2022-09-20,25.8,17.9,21.5,0.0,0.0,0.0,19.6
2022-09-21,26.0,16.1,20.6,0.0,0.0,0.0,20.5
2022-09-22,25.3,14.2,19.5,7.5,7.5,0.0,26.9
2022-09-23,16.6,9.7,13.1,0.0,0.0,0.0,32.5
2022-09-24,20.7,9.6,14.5,0.0,0.0,0.0,17.4
2022-09-25,24.4,11.8,17.3,2.4,2.4,0.0,22.7
2022-09-26,23.7,13.3,18.2,0.0,0.0,0.0,26.1
2022-09-27,21.4,13.4,16.8,0.0,0.0,0.0,21.5
2022-09-28,21.0,10.3,15.9,0.0,0.0,0.0,19.0
2022-09-29,19.2,11.4,15.2,0.0,0.0,0.0,20.9
2022-09-30,16.7,10.7,13.9,0.6,0.6,0.0,17.4
2022-10-01,17.4,11.6,14.4,21.2,21.2,0.0,32.3
2022-10-02,15.0,10.5,12.9,12.6,12.6,0.0,32.1
2022-10-03,11.9,9.0,10.2,24.1,24.1,0.0,30.3
2022-10-04,12.7,8.2,10.8,183.6,183.6,0.0,31.9
2022-10-05,15.9,12.3,14.0,5.8,5.8,0.0,28.7
2022-10-06,22.6,11.0,15.8,0.0,0.0,0.0,12.1
2022-10-07,24.0,11.5,17.3,0.2,0.2,0.0,18.2
2022-10-08,14.4,6.9,11.4,0.5,0.5,0.0,21.1
2022-10-09,16.4,5.9,10.9,0.0,0.0,0.0,19.6
2022-10-10,19.9,7.3,13.2,0.0,0.0,0.0,18.3
2022-10-11,19.6,7.5,13.3,0.0,0.0,0.0,15.0
2022-10-12,19.2,9.1,14.3,0.0,0.0,0.0,25.5
2022-10-13,20.9,13.1,17.3,7.4,7.4,0.0,28.2
2022-10-14,19.2,10.1,13.8,6.7,6.7,0.0,23.7
2022-10-15,19.0,7.6,13.6,0.0,0.0,0.0,25.3
2022-10-16,17.6,10.0,13.0,0.0,0.0,0.0,13.7
2022-10-17,18.8,10.7,14.7,4.3,4.3,0.0,18.0
2022-10-18,13.6,6.8,10.4,0.5,0.5,0.0,17.9
2022-10-19,12.2,4.3,8.4,0.0,0.0,0.0,27.0
2022-10-20,14.3,5.3,9.6,0.0,0.0,0.0,26.4
2022-10-21,15.9,5.9,10.7,0.0,0.0,0.0,11.5
2022-10-22,17.6,6.1,11.6,0.0,0.0,0.0,11.7
2022-10-23,15.4,9.8,12.9,18.5,18.5,0.0,20.8
2022-10-24,16.4,12.0,14.2,11.7,11.7,0.0,20.8
2022-10-25,20.6,14.7,17.7,2.1,2.1,0.0,12.9
2022-10-26,21.1,15.2,18.2,0.4,0.4,0.0,16.2
2022-10-27,17.4,9.8,14.0,0.0,0.0,0.0,25.6
2022-10-28,13.0,6.6,9.4,0.0,0.0,0.0,20.0
2022-10-29,14.3,5.1,9.1,0.0,0.0,0.0,11.5
2022-10-30,16.1,4.3,9.9,0.0,0.0,0.0,11.2
2022-10-31,17.3,10.2,13.4,7.7,7.7,0.0,13.3
2022-11-01,19.7,13.0,15.6,6.4,6.4,0.0,16.3
2022-11-02,20.0,10.2,14.6,0.0,0.0,0.0,16.2
2022-11-03,17.8,8.4,12.3,0.0,0.0,0.0,11.8
2022-11-04,19.6,8.0,14.0,0.0,0.0,0.0,13.3
2022-11-05,22.9,14.9,18.3,0.0,0.0,0.0,27.3
2022-11-06,23.6,17.7,20.0,2.8,2.8,0.0,22.3
2022-11-07,23.8,13.2,19.4,0.8,0.8,0.0,25.7
2022-11-08,13.4,7.8,10.3,0.0,0.0,0.0,21.9
2022-11-09,10.4,4.3,7.3,0.0,0.0,0.0,19.5
2022-11-10,17.3,6.7,11.3,0.0,0.0,0.0,13.2
2022-11-11,19.0,11.7,16.2,25.4,25.4,0.0,33.5
2022-11-12,20.6,13.8,18.4,1.8,1.8,0.0,33.1
2022-11-13,14.0,5.4,10.2,2.8,2.8,0.0,27.2
2022-11-14,7.6,1.9,4.7,0.0,0.0,0.0,19.3
2022-11-15,7.6,1.4,4.5,8.1,8.1,0.0,23.5
2022-11-16,11.2,4.0,7.4,10.4,10.4,0.0,28.0
2022-11-17,8.2,2.0,4.4,0.0,0.0,0.0,31.2
2022-11-18,6.5,0.3,3.3,0.2,0.1,0.07,31.1
2022-11-19,4.3,-1.7,1.4,0.0,0.0,0.0,19.7
2022-11-20,2.2,-2.2,0.4,0.1,0.0,0.07,34.0
2022-11-21,4.1,-3.6,0.5,0.0,0.0,0.0,22.5
2022-11-22,9.4,0.2,4.6,0.0,0.0,0.0,18.4
2022-11-23,11.7,1.4,5.8,0.0,0.0,0.0,13.0
2022-11-24,10.5,0.8,5.4,0.0,0.0,0.0,13.0
2022-11-25,11.9,4.6,7.7,3.8,3.8,0.0,25.9
2022-11-26,12.3,4.4,7.5,0.0,0.0,0.0,18.8
2022-11-27,13.8,5.1,9.2,12.2,12.2,0.0,27.2
2022-11-28,11.4,4.2,9.3,0.0,0.0,0.0,27.8
2022-11-29,6.1,0.2,3.1,0.0,0.0,0.0,11.1
2022-11-30,12.8,1.4,8.4,14.9,14.9,0.0,37.4
2022-12-01,6.1,0.1,2.9,0.0,0.0,0.0,28.7
2022-12-02,5.0,-3.1,1.6,0.0,0.0,0.0,10.9
2022-12-03,13.3,4.3,10.0,8.8,8.8,0.0,33.3
2022-12-04,6.8,-0.7,3.7,0.0,0.0,0.0,22.8
2022-12-05,6.4,-2.6,2.1,0.0,0.0,0.0,11.7
2022-12-06,12.4,0.6,8.6,13.5,13.5,0.0,22.6
2022-12-07,14.4,11.0,12.6,8.5,8.5,0.0,22.8
2022-12-08,11.5,5.0,8.7,0.0,0.0,0.0,20.4
2022-12-09,7.0,0.2,3.2,0.0,0.0,0.0,20.6
2022-12-10,4.7,-1.5,1.5,0.0,0.0,0.0,18.5
2022-12-11,4.2,1.0,2.7,11.0,7.9,2.17,17.8
2022-12-12,4.2,-2.8,1.0,0.8,0.1,0.49,22.1
2022-12-13,4.8,-4.5,-0.9,0.0,0.0,0.0,14.8
2022-12-14,4.4,-1.8,0.4,0.0,0.0,0.0,19.5
2022-12-15,4.7,-1.5,2.2,19.9,19.9,0.0,30.4
2022-12-16,6.5,3.4,4.8,12.1,11.8,0.21,34.9
2022-12-17,6.9,0.9,3.6,0.1,0.1,0.0,24.8
2022-12-18,4.0,-2.6,0.7,0.0,0.0,0.0,22.3
2022-12-19,3.5,-2.3,0.3,0.0,0.0,0.0,23.4
2022-12-20,3.7,-2.7,0.1,0.0,0.0,0.0,19.2
2022-12-21,3.0,-4.0,-0.7,0.0,0.0,0.0,9.3
2022-12-22,8.2,-2.4,3.1,10.8,10.8,0.0,30.4
2022-12-23,12.6,-12.8,2.5,21.7,21.1,0.42,46.0
2022-12-24,-4.7,-13.6,-10.7,0.0,0.0,0.0,35.7
2022-12-25,-1.7,-10.1,-6.2,0.0,0.0,0.0,25.1
2022-12-26,-1.0,-8.1,-4.6,0.0,0.0,0.0,18.7
2022-12-27,2.8,-5.0,-1.6,0.0,0.0,0.0,14.9
2022-12-28,6.7,-4.0,0.8,0.0,0.0,0.0,19.2
2022-12-29,8.5,-1.1,2.8,0.0,0.0,0.0,16.0
2022-12-30,13.4,1.3,6.3,0.0,0.0,0.0,13.6
2022-12-31,11.0,5.8,8.8,7.3,7.3,0.0,13.2
2023-01-01,11.8,4.8,8.7,1.1,1.1,0.0,17.4
2023-01-02,12.7,4.4,7.9,0.6,0.6,0.0,9.0
2023-01-03,12.7,6.2,9.6,9.4,9.4,0.0,19.4
2023-01-04,17.9,9.4,13.0,2.3,2.3,0.0,18.2
2023-01-05,13.0,7.3,9.8,0.0,0.0,0.0,12.1
2023-01-06,8.6,2.4,5.9,9.6,9.6,0.0,16.3
2023-01-07,8.1,0.4,3.6,0.0,0.0,0.0,20.2
2023-01-08,4.1,-2.4,1.2,0.0,0.0,0.0,13.7
2023-01-09,7.1,0.6,3.0,1.5,1.2,0.21,17.9
2023-01-10,6.2,-0.0,2.6,0.0,0.0,0.0,14.3
2023-01-11,3.8,-1.3,0.9,0.0,0.0,0.0,13.8
2023-01-12,10.6,-0.7,5.6,12.1,12.1,0.0,21.0
2023-01-13,12.6,2.8,8.8,1.4,1.4,0.0,27.1
2023-01-14,2.5,-1.3,0.8,0.0,0.0,0.0,31.3
2023-01-15,5.0,-1.8,0.6,0.0,0.0,0.0,33.8
2023-01-16,8.1,-2.5,1.5,0.0,0.0,0.0,26.0
2023-01-17,7.3,-2.1,2.5,1.4,1.4,0.0,12.6
2023-01-18,10.7,2.8,6.6,1.7,1.7,0.0,25.5
2023-01-19,5.5,2.3,4.0,24.1,24.1,0.0,16.3
2023-01-20,8.9,1.7,5.3,0.1,0.1,0.0,30.7
2023-01-21,6.0,-2.4,2.4,0.1,0.1,0.0,19.9
2023-01-22,5.5,-3.5,1.5,7.9,7.9,0.0,18.1
2023-01-23,2.9,0.3,2.3,14.4,14.0,0.28,25.0
2023-01-24,7.6,-1.2,2.2,0.0,0.0,0.0,27.7
2023-01-25,11.3,-2.5,2.6,21.6,21.0,0.42,44.7
2023-01-26,11.8,2.3,7.0,12.9,12.9,0.0,36.0
2023-01-27,6.0,-1.7,2.0,0.0,0.0,0.0,19.2
2023-01-28,10.8,-0.9,4.5,0.0,0.0,0.0,23.8
2023-01-29,10.4,0.0,5.6,0.0,0.0,0.0,22.5
2023-01-30,11.6,2.3,6.1,0.0,0.0,0.0,13.2
2023-01-31,6.4,-0.2,3.0,2.5,1.9,0.42,19.1
2023-02-01,3.1,-3.6,-0.9,1.6,0.0,1.12,16.5
2023-02-02,4.0,-4.5,-0.2,0.0,0.0,0.0,20.3
2023-02-03,0.1,-11.2,-5.0,0.0,0.0,0.0,42.2
2023-02-04,-4.0,-16.6,-9.4,0.0,0.0,0.0,39.8
2023-02-05,9.0,-4.5,1.6,0.0,0.0,0.0,19.1
2023-02-06,10.1,-1.1,4.0,0.0,0.0,0.0,29.2
2023-02-07,3.6,-4.2,0.4,2.7,2.5,0.14,21.6
2023-02-08,10.3,0.5,4.6,0.6,0.6,0.0,22.5
2023-02-09,11.0,-1.9,5.0,0.0,0.0,0.0,20.9
2023-02-10,14.0,5.8,10.9,0.0,0.0,0.0,28.1
2023-02-11,6.6,0.3,3.4,0.0,0.0,0.0,23.5
2023-02-12,6.7,-0.7,2.8,1.4,0.5,0.63,18.7
2023-02-13,13.2,2.4,6.6,1.2,1.0,0.14,23.9
2023-02-14,11.3,2.4,6.1,0.0,0.0,0.0,23.2
2023-02-15,16.9,2.9,10.4,0.0,0.0,0.0,26.9
2023-02-16,19.1,9.1,12.5,2.9,2.9,0.0,16.5
2023-02-17,15.3,-1.1,9.1,8.1,8.1,0.0,33.8
2023-02-18,5.6,-2.8,0.9,0.0,0.0,0.0,26.1
2023-02-19,8.0,-0.5,4.2,0.0,0.0,0.0,29.8
2023-02-20,15.2,5.4,8.8,0.0,0.0,0.0,25.3
2023-02-21,8.2,1.7,4.1,7.1,6.5,0.42,17.8
2023-02-22,5.5,-0.9,2.4,4.4,4.0,0.28,15.8
2023-02-23,7.6,2.6,4.6,0.6,0.6,0.0,16.1
2023-02-24,7.3,-3.2,3.5,0.0,0.0,0.0,35.3
2023-02-25,0.1,-5.7,-3.0,0.7,0.0,0.49,19.8
2023-02-26,10.1,-3.9,2.2,0.0,0.0,0.0,34.7
2023-02-27,4.8,-2.3,1.5,5.3,0.2,3.57,23.7
2023-02-28,2.0,-0.8,0.8,11.6,2.6,6.3,24.8
2023-03-01,5.7,-2.6,2.0,3.5,1.0,1.75,22.0
2023-03-02,13.6,2.1,6.7,1.4,1.4,0.0,23.2
2023-03-03,7.4,-1.7,3.2,4.4,4.4,0.0,35.3
2023-03-04,7.0,3.0,5.2,40.2,40.2,0.0,38.4
2023-03-05,12.1,-0.5,5.4,0.0,0.0,0.0,27.4
2023-03-06,10.1,1.3,5.8,0.0,0.0,0.0,23.1
2023-03-07,7.3,0.5,3.4,2.7,0.2,1.75,36.3
2023-03-08,9.3,-2.2,2.8,0.0,0.0,0.0,34.6
2023-03-09,10.3,-0.6,4.2,0.0,0.0,0.0,22.3
2023-03-10,7.3,-1.4,3.3,9.6,9.6,0.0,16.8
2023-03-11,6.9,1.6,4.0,10.8,8.9,1.33,25.8
2023-03-12,7.7,-1.2,3.4,0.0,0.0,0.0,19.2
2023-03-13,5.8,3.3,4.5,18.8,18.8,0.0,21.6
2023-03-14,3.0,1.0,1.9,10.1,5.9,2.94,44.3
2023-03-15,6.9,0.7,3.1,0.0,0.0,0.0,38.7
2023-03-16,13.3,-1.4,5.6,0.0,0.0,0.0,18.7
2023-03-17,14.2,2.4,8.6,0.0,0.0,0.0,22.2
2023-03-18,10.9,2.9,7.2,0.7,0.7,0.0,26.1
2023-03-19,3.6,-2.9,0.9,0.0,0.0,0.0,27.3
2023-03-20,10.6,-3.4,3.2,0.0,0.0,0.0,17.8
2023-03-21,15.7,-1.1,7.5,0.0,0.0,0.0,20.1
2023-03-22,13.2,2.2,7.8,0.0,0.0,0.0,23.1
2023-03-23,14.8,5.1,10.9,2.8,2.8,0.0,24.5
2023-03-24,12.2,5.0,8.3,0.2,0.2,0.0,19.1
2023-03-25,7.4,2.8,5.5,11.5,11.5,0.0,31.4
2023-03-26,14.9,3.1,9.3,0.0,0.0,0.0,24.5
2023-03-27,14.7,2.4,7.7,2.6,2.6,0.0,23.7
2023-03-28,11.1,3.0,6.4,0.6,0.6,0.0,21.1
2023-03-29,10.9,-0.2,5.3,0.0,0.0,0.0,24.2
2023-03-30,7.4,-1.6,3.0,0.1,0.1,0.0,28.5
2023-03-31,9.9,-0.9,6.1,0.0,0.0,0.0,29.4
2023-04-01,19.6,10.5,14.8,10.1,10.1,0.0,29.0
2023-04-02,9.7,2.4,6.5,0.0,0.0,0.0,35.3
2023-04-03,13.3,-0.3,7.3,0.0,0.0,0.0,30.9
2023-04-04,18.6,5.8,13.3,0.0,0.0,0.0,16.8
2023-04-05,13.5,9.2,11.5,0.4,0.4,0.0,20.5
2023-04-06,26.4,10.5,16.6,3.3,3.3,0.0,18.7
2023-04-07,13.8,5.7,10.8,0.0,0.0,0.0,21.9
2023-04-08,10.3,1.6,5.9,0.0,0.0,0.0,19.3
2023-04-09,11.6,1.1,6.3,0.0,0.0,0.0,24.2
2023-04-10,17.7,2.1,9.2,0.0,0.0,0.0,18.8
2023-04-11,22.9,6.3,15.0,0.0,0.0,0.0,26.0
2023-04-12,27.4,15.4,20.3,0.0,0.0,0.0,24.1
2023-04-13,31.0,11.8,22.1,0.0,0.0,0.0,20.6
2023-04-14,29.5,13.7,21.9,0.0,0.0,0.0,19.2
2023-04-15,20.8,13.7,17.3,5.0,5.0,0.0,19.5
2023-04-16,20.8,12.0,15.6,0.0,0.0,0.0,17.7
2023-04-17,19.9,11.5,14.4,3.1,3.1,0.0,24.5
2023-04-18,14.3,6.6,10.9,0.1,0.1,0.0,36.5
2023-04-19,17.4,4.2,10.3,0.0,0.0,0.0,24.5
2023-04-20,15.8,5.7,10.4,0.0,0.0,0.0,16.2
2023-04-21,18.9,8.0,13.1,0.0,0.0,0.0,23.9
2023-04-22,19.6,9.8,14.3,18.2,18.2,0.0,30.5
2023-04-23,19.1,9.9,14.4,15.9,15.9,0.0,20.6
2023-04-24,16.1,6.2,11.1,0.0,0.0,0.0,19.1
2023-04-25,15.1,5.4,10.2,0.3,0.3,0.0,13.2
2023-04-26,13.8,6.0,9.9,0.9,0.9,0.0,22.1
2023-04-27,13.4,7.2,10.5,0.7,0.7,0.0,16.8
2023-04-28,12.9,6.7,9.8,9.8,9.8,0.0,23.3
2023-04-29,12.1,8.7,10.7,55.8,55.8,0.0,30.7
2023-04-30,14.8,10.4,12.8,22.4,22.4,0.0,27.5
2023-05-01,15.6,7.4,12.4,1.6,1.6,0.0,38.6
2023-05-02,13.3,8.3,10.2,0.8,0.8,0.0,26.9
2023-05-03,12.4,5.6,9.3,0.7,0.7,0.0,14.8
2023-05-04,14.3,6.2,10.2,1.9,1.9,0.0,16.3
2023-05-05,17.0,6.8,11.5,3.3,3.3,0.0,11.9
2023-05-06,20.9,6.5,14.3,0.0,0.0,0.0,19.0
2023-05-07,23.7,9.2,16.4,0.0,0.0,0.0,22.1
2023-05-08,23.6,12.7,18.0,0.0,0.0,0.0,21.2
2023-05-09,19.2,9.6,13.9,0.0,0.0,0.0,21.7
2023-05-10,21.1,7.0,14.3,0.0,0.0,0.0,19.8
2023-05-11,25.3,9.4,17.8,0.0,0.0,0.0,21.7
2023-05-12,29.4,12.9,21.2,0.0,0.0,0.0,15.3
2023-05-13,27.3,16.3,21.7,0.0,0.0,0.0,19.7
2023-05-14,22.8,12.5,17.4,0.0,0.0,0.0,22.0
2023-05-15,25.2,9.6,17.5,0.0,0.0,0.0,18.7
2023-05-16,27.6,12.7,20.3,0.0,0.0,0.0,24.9
2023-05-17,17.4,9.6,14.6,0.0,0.0,0.0,26.4
2023-05-18,14.1,6.7,11.1,0.0,0.0,0.0,22.1
2023-05-19,19.4,10.4,14.9,0.0,0.0,0.0,33.0
2023-05-20,17.5,13.5,15.8,26.9,26.9,0.0,15.9
2023-05-21,21.7,12.9,17.1,0.6,0.6,0.0,23.0
2023-05-22,22.9,12.2,16.6,0.2,0.2,0.0,20.6
2023-05-23,19.3,10.7,14.4,0.0,0.0,0.0,21.5
2023-05-24,21.8,9.8,15.6,0.7,0.7,0.0,25.6
2023-05-25,19.1,10.0,14.5,0.0,0.0,0.0,25.9
2023-05-26,22.1,9.9,16.1,0.0,0.0,0.0,15.3
2023-05-27,24.2,9.8,17.1,0.0,0.0,0.0,20.1
2023-05-28,23.5,11.5,17.7,0.0,0.0,0.0,19.9
2023-05-29,24.6,13.7,18.3,0.0,0.0,0.0,28.5
2023-05-30,20.2,11.6,15.4,0.0,0.0,0.0,18.6
2023-05-31,22.5,10.6,16.1,0.0,0.0,0.0,15.3
2023-06-01,27.3,12.2,19.5,0.0,0.0,0.0,17.4
2023-06-02,30.6,15.0,22.3,0.0,0.0,0.0,17.1
2023-06-03,20.0,13.3,18.1,3.5,3.5,0.0,22.3
2023-06-04,21.3,10.3,15.4,0.1,0.1,0.0,25.0
2023-06-05,23.9,11.4,17.9,0.0,0.0,0.0,21.5
2023-06-06,25.7,14.5,19.4,0.2,0.2,0.0,33.9
2023-06-07,25.0,13.1,18.6,0.0,0.0,0.0,21.3
2023-06-08,22.3,10.6,16.7,0.0,0.0,0.0,19.2
2023-06-09,22.7,11.6,16.8,0.9,0.9,0.0,20.0
2023-06-10,26.2,12.2,19.1,0.2,0.2,0.0,18.1
2023-06-11,27.0,16.3,21.3,0.0,0.0,0.0,18.6
2023-06-12,23.9,19.1,20.9,8.5,8.5,0.0,27.0
2023-06-13,26.3,16.0,20.7,0.0,0.0,0.0,21.6
2023-06-14,24.6,14.7,18.4,9.5,9.5,0.0,24.1
2023-06-15,26.1,14.9,20.4,0.0,0.0,0.0,20.4
2023-06-16,25.7,15.0,19.1,10.8,10.8,0.0,18.8
2023-06-17,25.3,14.7,19.9,0.1,0.1,0.0,31.6
2023-06-18,26.4,15.6,21.4,0.0,0.0,0.0,19.2
2023-06-19,25.1,16.2,20.4,1.4,1.4,0.0,20.0
2023-06-20,23.4,16.3,19.3,0.0,0.0,0.0,21.3
2023-06-21,22.8,15.4,18.7,0.3,0.3,0.0,23.4
2023-06-22,20.9,15.3,18.1,0.3,0.3,0.0,25.0
2023-06-23,22.8,16.9,19.8,15.6,15.6,0.0,21.8
2023-06-24,25.6,19.1,21.6,18.0,18.0,0.0,16.9
2023-06-25,28.4,18.5,22.9,1.9,1.9,0.0,17.9
2023-06-26,25.4,19.0,21.7,4.6,4.6,0.0,20.3
2023-06-27,26.2,19.3,21.7,18.7,18.7,0.0,18.8
2023-06-28,28.5,18.8,22.7,2.1,2.1,0.0,13.8
2023-06-29,28.5,16.1,22.3,0.0,0.0,0.0,14.3
2023-06-30,29.1,17.0,22.9,0.0,0.0,0.0,21.1
2023-07-01,26.8,17.6,22.5,0.1,0.1,0.0,24.7
2023-07-02,31.1,20.2,24.5,16.0,16.0,0.0,20.6
2023-07-03,31.0,22.2,25.4,17.8,17.8,0.0,16.8
2023-07-04,29.3,21.2,24.7,5.4,5.4,0.0,13.2
2023-07-05,32.2,20.9,26.2,0.0,0.0,0.0,15.2
2023-07-06,31.2,21.4,25.8,0.0,0.0,0.0,20.0
2023-07-07,29.6,21.7,25.2,0.6,0.6,0.0,18.4
2023-07-08,29.5,21.7,25.3,4.4,4.4,0.0,15.2
2023-07-09,26.8,21.4,23.1,18.6,18.6,0.0,14.9
2023-07-10,28.6,20.7,24.2,1.2,1.2,0.0,17.2
2023-07-11,31.6,17.0,24.8,0.0,0.0,0.0,9.1
2023-07-12,32.9,19.5,26.7,0.0,0.0,0.0,16.3
2023-07-13,31.8,21.2,26.8,0.2,0.2,0.0,24.4
2023-07-14,28.1,21.2,24.3,36.7,36.7,0.0,20.7
2023-07-15,29.4,20.3,24.8,7.9,7.9,0.0,16.8
2023-07-16,25.9,21.7,23.8,41.4,41.4,0.0,18.2
2023-07-17,31.7,19.9,25.5,0.1,0.1,0.0,17.6
2023-07-18,29.5,21.3,24.8,8.3,8.3,0.0,17.1
2023-07-19,27.4,18.7,22.8,3.8,3.8,0.0,10.9
2023-07-20,28.4,19.9,24.1,0.5,0.5,0.0,14.9
2023-07-21,29.4,21.7,24.2,3.5,3.5,0.0,15.6
2023-07-22,28.3,18.4,23.4,0.0,0.0,0.0,15.1
2023-07-23,30.0,17.2,23.9,0.5,0.5,0.0,19.3
2023-07-24,28.6,18.5,24.2,1.9,1.9,0.0,23.1
2023-07-25,28.6,19.1,23.0,9.0,9.0,0.0,15.1
2023-07-26,30.0,17.0,24.0,0.4,0.4,0.0,20.9
2023-07-27,33.8,22.2,27.2,0.7,0.7,0.0,27.5
2023-07-28,34.1,21.3,27.6,0.0,0.0,0.0,17.3
2023-07-29,33.8,21.7,27.6,4.3,4.3,0.0,32.8
2023-07-30,26.2,17.6,21.8,0.0,0.0,0.0,19.1
2023-07-31,29.4,15.4,22.6,0.0,0.0,0.0,14.9
2023-08-01,26.9,16.9,21.8,0.0,0.0,0.0,18.9
2023-08-02,27.6,14.4,20.9,0.0,0.0,0.0,16.9
2023-08-03,26.2,15.5,21.5,0.9,0.9,0.0,30.0
2023-08-04,27.4,18.3,23.0,0.9,0.9,0.0,21.3
2023-08-05,30.6,18.2,24.5,0.2,0.2,0.0,10.5
2023-08-06,29.8,18.0,24.1,0.0,0.0,0.0,21.8
2023-08-07,27.6,21.9,24.1,37.9,37.9,0.0,31.2
2023-08-08,27.0,21.5,23.7,15.2,15.2,0.0,30.6
2023-08-09,29.4,19.6,24.3,0.1,0.1,0.0,22.4
2023-08-10,25.4,18.7,21.9,11.9,11.9,0.0,14.9
2023-08-11,29.1,18.0,23.3,0.1,0.1,0.0,20.2
2023-08-12,28.0,17.0,22.7,8.6,8.6,0.0,16.6
2023-08-13,30.6,21.4,25.3,2.9,2.9,0.0,20.8
2023-08-14,30.8,18.6,24.5,1.3,1.3,0.0,20.5
2023-08-15,26.9,21.1,23.8,20.3,20.3,0.0,17.5
2023-08-16,26.5,20.4,22.8,4.0,4.0,0.0,14.4
2023-08-17,25.6,20.2,22.9,5.9,5.9,0.0,20.3
2023-08-18,26.8,18.5,23.5,3.1,3.1,0.0,25.3
2023-08-19,26.3,15.3,20.6,0.0,0.0,0.0,21.0
2023-08-20,29.8,15.1,22.6,0.0,0.0,0.0,14.4
2023-08-21,31.0,18.3,25.1,0.1,0.1,0.0,15.6
2023-08-22,26.0,17.8,21.8,0.0,0.0,0.0,22.7
2023-08-23,25.4,15.9,20.4,0.0,0.0,0.0,18.1
2023-08-24,24.3,19.4,21.3,2.2,2.2,0.0,26.4
2023-08-25,27.9,20.9,23.4,11.1,11.1,0.0,19.7
2023-08-26,30.1,19.8,24.6,0.4,0.4,0.0,14.8
2023-08-27,28.2,18.3,23.1,0.5,0.5,0.0,13.3
2023-08-28,24.9,18.8,21.5,1.1,1.1,0.0,18.4
2023-08-29,27.5,17.6,22.6,1.6,1.6,0.0,13.5
2023-08-30,29.5,19.8,24.2,0.7,0.7,0.0,20.7
2023-08-31,25.0,17.0,20.3,0.0,0.0,0.0,22.5
2023-09-01,24.3,13.6,18.7,0.0,0.0,0.0,13.7
2023-09-02,26.8,12.8,19.8,0.0,0.0,0.0,24.2
2023-09-03,32.2,17.9,25.3,0.3,0.3,0.0,16.8
2023-09-04,33.7,19.7,26.9,1.2,1.2,0.0,18.1
2023-09-05,35.2,22.0,28.1,0.0,0.0,0.0,14.1
2023-09-06,35.8,22.8,28.8,0.0,0.0,0.0,9.4
2023-09-07,35.1,21.4,27.5,3.8,3.8,0.0,18.5
2023-09-08,31.6,20.3,25.0,14.3,14.3,0.0,16.1
2023-09-09,29.1,20.3,23.6,8.5,8.5,0.0,12.6
2023-09-10,24.4,19.5,21.8,18.1,18.1,0.0,10.7
2023-09-11,27.5,19.8,22.8,2.8,2.8,0.0,10.5
2023-09-12,28.8,19.0,23.0,0.2,0.2,0.0,11.9
2023-09-13,26.5,19.3,22.1,17.1,17.1,0.0,11.9
2023-09-14,24.9,16.4,20.1,0.0,0.0,0.0,18.4
2023-09-15,21.3,13.5,17.2,0.0,0.0,0.0,23.3
2023-09-16,24.3,15.1,18.9,0.0,0.0,0.0,22.0
2023-09-17,24.1,11.7,18.4,0.5,0.5,0.0,14.8
2023-09-18,21.4,16.1,18.7,13.9,13.9,0.0,17.7
2023-09-19,23.3,13.0,17.7,0.0,0.0,0.0,21.5
2023-09-20,23.4,11.6,17.2,0.0,0.0,0.0,14.3
2023-09-21,22.7,11.4,16.8,0.0,0.0,0.0,13.0
2023-09-22,22.3,12.9,17.2,0.0,0.0,0.0,22.6
2023-09-23,16.3,13.5,15.0,42.3,42.3,0.0,31.4
2023-09-24,19.7,15.9,17.1,17.5,17.5,0.0,31.9
2023-09-25,17.2,14.2,15.9,17.4,17.4,0.0,30.8
2023-09-26,16.9,12.6,15.0,8.4,8.4,0.0,24.6
2023-09-27,17.6,9.2,13.6,0.0,0.0,0.0,19.4
2023-09-28,18.6,10.6,14.3,0.2,0.2,0.0,17.5
2023-09-29,17.0,13.1,15.0,69.8,69.8,0.0,25.5
2023-09-30,21.6,12.9,16.3,1.0,1.0,0.0,20.4
2023-10-01,24.9,14.0,18.9,0.0,0.0,0.0,18.7
2023-10-02,25.3,14.7,19.6,0.0,0.0,0.0,16.0
2023-10-03,27.3,13.0,19.3,0.0,0.0,0.0,8.9
2023-10-04,27.7,14.7,19.9,0.0,0.0,0.0,12.6
2023-10-05,23.9,12.9,17.9,0.0,0.0,0.0,17.4
2023-10-06,22.3,17.5,19.8,3.1,3.1,0.0,15.0
2023-10-07,20.5,11.6,16.7,59.9,59.9,0.0,29.1
2023-10-08,16.8,9.3,12.7,0.0,0.0,0.0,24.5
2023-10-09,15.5,7.2,11.3,0.1,0.1,0.0,23.9
2023-10-10,17.9,7.7,13.3,0.0,0.0,0.0,19.7
2023-10-11,20.6,8.0,13.9,0.0,0.0,0.0,14.2
2023-10-12,20.9,7.1,13.8,0.0,0.0,0.0,11.9
2023-10-13,17.5,8.6,12.6,0.0,0.0,0.0,14.0
2023-10-14,11.8,9.3,10.4,15.4,15.4,0.0,17.5
2023-10-15,16.5,8.9,12.0,0.9,0.9,0.0,24.8
2023-10-16,17.6,6.9,11.6,0.2,0.2,0.0,19.9
2023-10-17,16.7,8.1,12.0,0.6,0.6,0.0,12.1
2023-10-18,17.1,6.7,12.1,0.3,0.3,0.0,9.4
2023-10-19,17.9,7.1,12.8,0.0,0.0,0.0,19.6
2023-10-20,17.2,12.7,15.2,27.2,27.2,0.0,25.7
2023-10-21,17.6,12.3,14.4,5.9,5.9,0.0,25.6
2023-10-22,13.8,8.5,11.2,0.0,0.0,0.0,27.5
2023-10-23,16.0,6.4,10.4,0.0,0.0,0.0,21.9
2023-10-24,17.6,4.2,10.7,0.0,0.0,0.0,11.9
2023-10-25,21.9,7.6,14.4,0.0,0.0,0.0,14.7
2023-10-26,25.8,9.2,16.9,0.0,0.0,0.0,11.6
2023-10-27,24.5,12.3,17.5,0.0,0.0,0.0,14.8
2023-10-28,26.9,16.1,20.5,0.0,0.0,0.0,18.7
2023-10-29,15.0,10.5,12.4,7.6,7.6,0.0,19.2
2023-10-30,19.0,10.1,13.7,1.3,1.3,0.0,25.0
2023-10-31,10.5,6.6,9.0,0.2,0.2,0.0,18.1
2023-11-01,9.6,2.7,6.4,3.5,3.5,0.0,23.3
2023-11-02,9.6,-0.4,4.3,0.0,0.0,0.0,12.2
2023-11-03,13.0,0.2,6.5,0.0,0.0,0.0,17.7
2023-11-04,14.9,3.5,8.6,0.0,0.0,0.0,11.0
2023-11-05,16.9,4.4,10.3,0.0,0.0,0.0,14.8
2023-11-06,12.0,3.8,8.1,0.1,0.1,0.0,12.6
2023-11-07,20.2,10.7,13.9,5.7,5.7,0.0,20.3
2023-11-08,9.8,3.8,7.1,0.0,0.0,0.0,19.3
2023-11-09,15.2,2.6,9.3,0.4,0.4,0.0,12.0
2023-11-10,10.6,5.3,7.9,0.3,0.3,0.0,16.3
2023-11-11,12.1,3.0,7.1,0.0,0.0,0.0,18.1
2023-11-12,7.0,-0.3,2.7,0.0,0.0,0.0,13.3
2023-11-13,8.8,-2.2,3.1,0.0,0.0,0.0,13.6
2023-11-14,11.1,2.0,6.0,0.0,0.0,0.0,27.9
2023-11-15,10.7,-1.2,5.0,0.0,0.0,0.0,14.7
2023-11-16,17.7,1.8,8.7,0.0,0.0,0.0,10.5
2023-11-17,19.4,4.2,11.8,0.0,0.0,0.0,18.5
2023-11-18,12.9,2.7,9.5,1.2,1.2,0.0,25.9
2023-11-19,12.3,1.0,6.1,0.0,0.0,0.0,20.9
2023-11-20,7.0,-1.0,2.9,0.0,0.0,0.0,15.5
2023-11-21,9.0,-1.4,4.1,10.5,10.5,0.0,29.8
2023-11-22,14.3,8.1,11.1,22.1,22.1,0.0,38.3
2023-11-23,11.1,5.0,7.8,0.0,0.0,0.0,20.9
2023-11-24,9.7,-0.6,4.9,0.0,0.0,0.0,22.7
2023-11-25,4.1,-3.2,0.4,0.0,0.0,0.0,14.3
2023-11-26,11.8,-2.7,4.7,8.4,8.4,0.0,37.6
2023-11-27,12.7,1.9,7.0,1.5,1.5,0.0,25.3
2023-11-28,3.8,-1.9,0.6,0.1,0.0,0.07,28.9
2023-11-29,2.5,-4.5,-1.3,0.0,0.0,0.0,19.5
2023-11-30,9.5,-2.7,3.1,0.0,0.0,0.0,17.6
2023-12-01,7.7,-0.3,5.0,5.4,5.4,0.0,13.6
2023-12-02,16.1,4.3,8.7,0.0,0.0,0.0,16.3
2023-12-03,10.0,6.1,8.5,16.2,16.2,0.0,19.1
2023-12-04,10.8,4.1,7.1,0.0,0.0,0.0,21.0
2023-12-05,6.5,1.4,3.7,0.0,0.0,0.0,14.7
2023-12-06,4.9,-2.3,1.3,0.1,0.1,0.0,22.3
2023-12-07,3.4,-3.4,0.1,0.0,0.0,0.0,17.5
2023-12-08,9.0,-2.1,3.1,0.0,0.0,0.0,11.0
2023-12-09,13.4,1.0,6.7,0.0,0.0,0.0,12.0
2023-12-10,16.9,4.9,12.1,35.8,35.8,0.0,29.2
2023-12-11,8.8,2.0,5.3,19.2,19.2,0.0,35.1
2023-12-12,6.1,-2.4,2.1,0.0,0.0,0.0,18.1
2023-12-13,7.4,-0.4,2.8,0.0,0.0,0.0,18.2
2023-12-14,4.5,-3.3,0.4,0.0,0.0,0.0,13.1
2023-12-15,12.4,-0.7,4.5,0.0,0.0,0.0,16.6
2023-12-16,11.4,2.8,6.0,0.0,0.0,0.0,12.6
2023-12-17,13.0,5.2,9.7,19.8,19.8,0.0,23.0
2023-12-18,15.5,4.5,11.1,75.9,75.9,0.0,53.5
2023-12-19,6.0,-1.5,2.6,0.0,0.0,0.0,24.0
2023-12-20,7.5,-3.8,1.3,0.0,0.0,0.0,16.4
2023-12-21,4.3,-3.5,0.6,0.0,0.0,0.0,20.9
2023-12-22,2.6,-5.7,-2.1,0.0,0.0,0.0,11.3
2023-12-23,5.9,-3.5,0.7,0.5,0.5,0.0,9.7
2023-12-24,8.6,1.2,4.2,0.0,0.0,0.0,7.6
2023-12-25,11.5,1.4,5.9,0.0,0.0,0.0,8.6
2023-12-26,7.6,2.9,4.8,0.0,0.0,0.0,7.3
2023-12-27,8.9,5.3,6.9,6.9,6.9,0.0,19.1
2023-12-28,11.6,8.7,9.8,38.5,38.5,0.0,23.8
2023-12-29,13.3,7.1,9.4,0.3,0.3,0.0,18.1
2023-12-30,7.9,1.2,5.0,0.1,0.1,0.0,26.6
2023-12-31,6.4,-2.1,2.7,0.0,0.0,0.0,15.9
2024-01-01,7.5,-0.5,3.3,0.0,0.0,0.0,14.3
2024-01-02,5.6,-4.7,-0.1,0.0,0.0,0.0,12.8
2024-01-03,7.6,-2.4,1.4,0.0,0.0,0.0,14.4
2024-01-04,6.7,-3.2,1.8,0.0,0.0,0.0,26.9
2024-01-05,3.0,-5.5,-1.9,0.0,0.0,0.0,18.5
2024-01-06,2.6,-5.3,-1.0,11.8,4.2,5.32,29.1
2024-01-07,2.4,-0.6,1.3,6.5,5.1,0.98,27.0
2024-01-08,6.2,-3.7,1.2,0.0,0.0,0.0,20.1
2024-01-09,13.0,-4.7,3.8,38.0,38.0,0.0,57.3
2024-01-10,13.7,5.0,8.8,21.7,21.7,0.0,42.2
2024-01-11,8.0,-0.1,4.3,0.0,0.0,0.0,22.9
2024-01-12,8.0,-2.1,4.1,4.0,4.0,0.0,28.5
2024-01-13,14.5,1.0,8.7,19.7,19.7,0.0,34.2
2024-01-14,6.2,-4.6,-0.2,0.5,0.1,0.28,36.4
2024-01-15,-0.9,-6.0,-3.5,1.1,0.0,0.77,11.4
2024-01-16,-1.0,-6.5,-3.0,9.2,4.2,3.5,23.2
2024-01-17,-4.3,-9.1,-6.6,0.0,0.0,0.0,23.8
2024-01-18,0.3,-6.9,-3.4,0.3,0.0,0.28,17.1
2024-01-19,-1.0,-4.7,-2.6,2.7,0.0,1.89,16.6
2024-01-20,-3.5,-8.3,-6.4,0.0,0.0,0.0,26.2
2024-01-21,-1.3,-7.6,-5.0,0.0,0.0,0.0,23.6
2024-01-22,3.5,-7.1,-2.4,0.0,0.0,0.0,18.8
2024-01-23,4.4,-1.1,1.0,1.7,1.7,0.0,18.7
2024-01-24,5.4,-0.0,2.9,3.5,3.5,0.0,10.5
2024-01-25,11.2,6.7,8.8,5.4,5.4,0.0,21.2
2024-01-26,8.2,3.1,5.9,4.5,4.5,0.0,15.7
2024-01-27,8.4,2.6,5.3,0.0,0.0,0.0,13.0
2024-01-28,4.1,2.2,3.2,21.3,21.3,0.0,28.8
2024-01-29,5.7,-0.7,2.7,0.7,0.7,0.0,27.6
2024-01-30,4.2,-4.1,0.4,0.0,0.0,0.0,12.1
2024-01-31,4.3,-2.4,1.9,0.2,0.2,0.0,11.2
2024-02-01,8.9,-3.5,2.4,0.6,0.6,0.0,19.8
2024-02-02,5.9,1.3,3.6,6.3,6.3,0.0,22.7
2024-02-03,5.9,-3.3,0.9,0.0,0.0,0.0,24.2
2024-02-04,7.4,-3.9,0.8,0.0,0.0,0.0,14.8
2024-02-05,6.9,-3.4,0.8,0.0,0.0,0.0,28.2
2024-02-06,5.5,-5.0,-0.4,0.0,0.0,0.0,18.4
2024-02-07,8.0,-3.8,1.4,0.0,0.0,0.0,12.6
2024-02-08,9.9,-3.9,2.2,0.0,0.0,0.0,10.5
2024-02-09,11.2,0.8,5.2,0.0,0.0,0.0,14.9
2024-02-10,15.7,1.7,8.3,0.1,0.1,0.0,16.6
2024-02-11,8.9,3.5,6.6,0.0,0.0,0.0,15.6
2024-02-12,9.0,-1.9,3.8,0.1,0.1,0.0,11.6
2024-02-13,3.1,-1.7,0.6,27.7,0.4,19.11,25.6
2024-02-14,0.2,-4.4,-2.1,0.0,0.0,0.0,25.7
2024-02-15,2.7,-5.5,-1.0,0.2,0.0,0.14,22.0
2024-02-16,4.9,-2.1,1.2,0.1,0.0,0.07,31.2
2024-02-17,2.1,-5.3,-1.2,5.8,0.1,3.99,21.7
2024-02-18,4.8,-6.4,-1.9,0.0,0.0,0.0,29.4
2024-02-19,4.0,-4.2,-0.5,0.0,0.0,0.0,20.8
2024-02-20,2.2,-6.6,-2.8,0.0,0.0,0.0,13.1
2024-02-21,4.4,-5.7,-1.1,0.0,0.0,0.0,15.0
2024-02-22,6.7,-5.2,1.1,0.4,0.4,0.0,19.8
2024-02-23,8.1,1.2,4.4,3.0,3.0,0.0,12.8
2024-02-24,5.4,-4.0,1.9,0.0,0.0,0.0,21.4
2024-02-25,3.9,-7.5,-2.2,0.0,0.0,0.0,16.2
2024-02-26,11.3,-2.3,3.4,2.9,0.5,1.68,13.5
2024-02-27,13.8,-0.2,7.9,4.0,4.0,0.0,26.1
2024-02-28,17.0,6.6,13.4,15.6,15.6,0.0,34.2
2024-02-29,4.8,-2.9,0.6,0.0,0.0,0.0,30.5
2024-03-01,5.8,-4.5,0.9,0.0,0.0,0.0,20.3
2024-03-02,10.0,2.1,6.8,28.1,28.1,0.0,26.5
2024-03-03,18.6,5.8,11.5,0.0,0.0,0.0,15.8
2024-03-04,14.2,3.6,7.9,0.0,0.0,0.0,21.8
2024-03-05,8.3,5.1,6.5,20.3,20.3,0.0,20.1
2024-03-06,9.7,3.5,7.1,34.0,34.0,0.0,20.6
2024-03-07,12.5,4.8,9.5,2.7,2.7,0.0,28.0
2024-03-08,12.3,0.7,5.9,0.0,0.0,0.0,20.0
2024-03-09,8.0,3.6,5.3,43.5,43.5,0.0,33.5
2024-03-10,10.7,1.7,6.9,6.1,6.1,0.0,30.6
2024-03-11,10.0,0.9,5.1,0.0,0.0,0.0,45.9
2024-03-12,17.4,2.4,9.2,0.0,0.0,0.0,21.5
2024-03-13,15.3,2.3,8.7,0.0,0.0,0.0,15.0
2024-03-14,21.1,3.9,11.6,0.0,0.0,0.0,15.8
2024-03-15,21.5,7.8,14.7,0.8,0.8,0.0,24.1
2024-03-16,14.2,4.7,9.2,0.1,0.1,0.0,20.7
2024-03-17,15.7,7.1,10.8,0.4,0.4,0.0,28.8
2024-03-18,9.1,1.8,6.3,0.0,0.0,0.0,20.6
2024-03-19,7.4,0.1,3.4,0.5,0.3,0.14,27.8
2024-03-20,11.8,0.3,5.8,2.8,2.8,0.0,30.7
2024-03-21,5.4,-3.8,0.6,0.0,0.0,0.0,30.3
2024-03-22,5.5,-5.3,1.0,0.0,0.0,0.0,18.9
2024-03-23,9.9,0.2,5.5,63.6,63.6,0.0,33.5
2024-03-24,8.5,-2.5,2.5,0.0,0.0,0.0,30.8
2024-03-25,10.1,-1.6,4.1,0.0,0.0,0.0,22.1
2024-03-26,9.8,-0.0,5.6,0.0,0.0,0.0,18.8
2024-03-27,10.8,4.7,7.4,1.0,1.0,0.0,11.2
2024-03-28,10.6,5.4,8.3,21.4,21.4,0.0,21.8
2024-03-29,12.5,3.5,7.2,0.1,0.1,0.0,34.5
2024-03-30,14.5,2.3,8.2,0.1,0.1,0.0,24.3
2024-03-31,16.1,4.4,10.3,0.2,0.2,0.0,20.3
2024-04-01,12.5,5.4,8.4,3.3,3.3,0.0,13.2
2024-04-02,8.3,6.1,7.1,19.0,19.0,0.0,20.7
2024-04-03,6.8,4.3,5.6,28.5,28.5,0.0,39.8
2024-04-04,9.1,2.0,5.5,6.2,6.2,0.0,32.2
2024-04-05,9.4,1.5,5.4,0.0,0.0,0.0,28.5
2024-04-06,11.4,3.0,6.8,0.2,0.2,0.0,27.9
2024-04-07,14.2,1.4,7.0,0.1,0.1,0.0,24.1
2024-04-08,17.9,0.7,8.9,1.0,1.0,0.0,14.2
2024-04-09,23.9,4.8,14.2,0.0,0.0,0.0,18.2
2024-04-10,15.8,8.1,12.0,0.6,0.6,0.0,16.6
2024-04-11,17.0,9.2,12.5,6.6,6.6,0.0,29.4
2024-04-12,19.5,12.0,15.4,14.8,14.8,0.0,39.0
2024-04-13,11.3,7.6,9.4,2.0,2.0,0.0,35.3
2024-04-14,22.1,5.8,14.4,0.9,0.9,0.0,23.8
2024-04-15,24.6,10.3,17.9,0.0,0.0,0.0,24.6
2024-04-16,20.4,6.8,14.1,0.0,0.0,0.0,18.5
2024-04-17,15.5,7.3,10.5,3.3,3.3,0.0,18.4
2024-04-18,9.2,5.5,8.3,5.9,5.9,0.0,25.0
2024-04-19,13.1,3.9,8.6,0.0,0.0,0.0,20.4
2024-04-20,20.0,7.0,12.7,2.3,2.3,0.0,28.8
2024-04-21,11.9,2.0,7.5,0.0,0.0,0.0,23.0
2024-04-22,14.9,2.0,8.6,0.0,0.0,0.0,17.0
2024-04-23,14.7,2.0,9.3,0.0,0.0,0.0,27.8
2024-04-24,21.3,8.5,13.4,1.6,1.6,0.0,32.0
2024-04-25,12.2,3.1,7.4,0.0,0.0,0.0,22.0
2024-04-26,14.4,1.6,7.9,0.0,0.0,0.0,19.2
2024-04-27,14.4,2.9,9.1,0.3,0.3,0.0,27.1
2024-04-28,22.7,9.0,15.6,0.6,0.6,0.0,16.3
2024-04-29,28.2,12.9,19.5,3.4,3.4,0.0,15.5
2024-04-30,22.8,11.1,15.3,2.2,2.2,0.0,14.6
2024-05-01,24.6,10.3,15.3,1.5,1.5,0.0,19.8
2024-05-02,27.7,10.1,18.5,0.0,0.0,0.0,22.7
2024-05-03,17.1,9.6,13.2,0.0,0.0,0.0,19.2
2024-05-04,16.4,7.7,11.4,0.0,0.0,0.0,21.2
2024-05-05,11.9,9.0,10.6,8.9,8.9,0.0,23.7
2024-05-06,22.5,11.8,16.8,0.5,0.5,0.0,11.6
2024-05-07,26.0,12.1,19.1,0.0,0.0,0.0,15.2
2024-05-08,30.7,15.8,22.9,0.0,0.0,0.0,26.6
2024-05-09,20.9,14.2,17.3,0.0,0.0,0.0,16.6
2024-05-10,12.5,9.3,10.3,12.9,12.9,0.0,19.7
2024-05-11,16.4,6.4,11.3,0.0,0.0,0.0,19.8
2024-05-12,13.3,8.0,10.4,7.6,7.6,0.0,14.8
2024-05-13,19.9,5.7,13.0,0.0,0.0,0.0,23.6
2024-05-14,22.4,9.3,16.3,3.3,3.3,0.0,21.3
2024-05-15,19.6,13.4,15.6,6.8,6.8,0.0,26.0
2024-05-16,18.9,14.2,16.4,4.7,4.7,0.0,31.4
2024-05-17,22.5,12.0,17.3,0.0,0.0,0.0,18.3
2024-05-18,22.7,13.1,16.5,2.2,2.2,0.0,15.7
2024-05-19,23.2,12.3,16.6,0.2,0.2,0.0,19.7
2024-05-20,23.7,10.6,16.3,0.0,0.0,0.0,19.0
2024-05-21,27.0,12.2,19.3,0.0,0.0,0.0,17.0
2024-05-22,28.4,15.6,22.0,0.0,0.0,0.0,22.8
2024-05-23,27.0,18.8,22.5,3.0,3.0,0.0,16.1
2024-05-24,29.2,15.7,22.4,0.0,0.0,0.0,15.5
2024-05-25,25.9,13.8,19.5,0.1,0.1,0.0,17.5
2024-05-26,25.9,15.6,20.0,0.1,0.1,0.0,16.0
2024-05-27,22.4,17.0,19.1,34.6,34.6,0.0,26.5
2024-05-28,27.0,16.8,21.8,0.0,0.0,0.0,26.7
2024-05-29,25.0,13.9,18.9,13.8,13.8,0.0,17.6
2024-05-30,21.6,13.8,17.4,0.8,0.8,0.0,21.7
2024-05-31,24.9,13.1,18.5,0.0,0.0,0.0,20.4
2024-06-01,28.0,13.0,20.8,0.0,0.0,0.0,16.0
2024-06-02,27.2,14.1,21.1,0.0,0.0,0.0,21.3
2024-06-03,29.9,17.4,23.5,0.2,0.2,0.0,15.2
2024-06-04,25.5,15.9,20.6,0.0,0.0,0.0,18.4
2024-06-05,26.1,14.6,20.4,6.8,6.8,0.0,23.6
2024-06-06,27.6,19.3,23.1,40.5,40.5,0.0,32.8
2024-06-07,28.4,17.1,22.8,0.3,0.3,0.0,23.4
2024-06-08,25.2,15.3,20.3,0.0,0.0,0.0,26.3
2024-06-09,25.3,14.4,20.2,0.1,0.1,0.0,27.0
2024-06-10,24.3,14.5,19.4,0.0,0.0,0.0,17.7
2024-06-11,23.2,13.8,18.8,1.1,1.1,0.0,11.4
2024-06-12,25.7,14.4,19.8,0.0,0.0,0.0,18.0
2024-06-13,28.9,13.8,21.9,0.0,0.0,0.0,31.2
2024-06-14,29.5,19.0,23.0,18.9,18.9,0.0,15.5
2024-06-15,27.3,17.0,21.7,0.0,0.0,0.0,22.6
2024-06-16,23.9,14.4,19.0,0.0,0.0,0.0,18.6
2024-06-17,29.4,16.0,22.9,0.0,0.0,0.0,25.8
2024-06-18,29.8,20.4,25.0,0.0,0.0,0.0,24.4
2024-06-19,31.0,19.7,24.9,0.0,0.0,0.0,25.0
2024-06-20,33.3,19.7,26.4,0.0,0.0,0.0,21.3
2024-06-21,35.4,22.6,27.8,0.0,0.0,0.0,21.2
2024-06-22,34.5,22.2,27.0,5.0,5.0,0.0,16.7
2024-06-23,36.2,22.5,29.4,0.1,0.1,0.0,26.7
2024-06-24,27.1,21.9,25.0,0.0,0.0,0.0,39.0
2024-06-25,33.7,20.0,26.5,0.0,0.0,0.0,23.7
2024-06-26,35.7,23.1,28.3,0.1,0.1,0.0,28.0
2024-06-27,30.3,20.3,25.0,10.6,10.6,0.0,19.2
2024-06-28,25.3,15.3,20.1,0.0,0.0,0.0,21.6
2024-06-29,26.8,17.7,23.2,1.8,1.8,0.0,34.1
2024-06-30,33.3,19.6,26.0,20.7,20.7,0.0,24.0
2024-07-01,26.8,16.4,21.9,0.1,0.1,0.0,24.7
2024-07-02,28.6,16.3,22.7,0.0,0.0,0.0,15.5
2024-07-03,28.0,17.1,22.7,0.0,0.0,0.0,27.9
2024-07-04,30.4,19.3,24.8,2.2,2.2,0.0,19.7
2024-07-05,32.1,22.0,26.9,1.3,1.3,0.0,18.2
2024-07-06,33.1,22.8,28.0,3.2,3.2,0.0,16.6
2024-07-07,32.5,23.7,27.7,1.6,1.6,0.0,15.9
2024-07-08,32.9,23.2,26.9,0.0,0.0,0.0,15.3
2024-07-09,30.9,22.3,27.0,0.2,0.2,0.0,24.9
2024-07-10,32.0,24.6,27.9,0.3,0.3,0.0,34.5
2024-07-11,34.4,23.3,27.8,5.6,5.6,0.0,28.2
2024-07-12,29.4,21.7,25.2,6.1,6.1,0.0,19.9
2024-07-13,30.7,21.5,25.4,27.4,27.4,0.0,17.1
2024-07-14,31.3,21.8,27.0,1.2,1.2,0.0,15.9
2024-07-15,35.1,23.0,28.8,0.5,0.5,0.0,20.8
2024-07-16,35.1,22.6,28.9,0.8,0.8,0.0,24.5
2024-07-17,32.0,23.4,27.1,34.1,34.1,0.0,18.3
2024-07-18,30.8,21.3,25.5,0.0,0.0,0.0,15.0
2024-07-19,28.8,17.9,23.7,0.0,0.0,0.0,15.6
2024-07-20,28.7,17.7,24.2,2.1,2.1,0.0,17.6
2024-07-21,31.3,19.6,25.9,0.1,0.1,0.0,21.6
2024-07-22,28.3,21.0,24.5,4.6,4.6,0.0,20.7
2024-07-23,29.5,21.0,24.5,3.2,3.2,0.0,8.5
2024-07-24,29.4,21.1,24.4,8.8,8.8,0.0,14.9
2024-07-25,30.6,20.6,25.0,0.0,0.0,0.0,16.3
2024-07-26,29.3,18.1,23.8,0.0,0.0,0.0,21.1
2024-07-27,29.9,17.6,24.2,0.0,0.0,0.0,15.0
2024-07-28,31.4,18.0,24.4,0.0,0.0,0.0,23.1
2024-07-29,29.4,21.5,25.0,4.0,4.0,0.0,17.9
2024-07-30,32.0,21.3,26.3,0.0,0.0,0.0,28.8
2024-07-31,31.9,23.1,25.9,9.9,9.9,0.0,18.2
2024-08-01,34.8,20.4,27.6,0.1,0.1,0.0,16.9
2024-08-02,32.9,23.6,27.1,10.0,10.0,0.0,21.6
2024-08-03,33.0,23.4,26.8,13.3,13.3,0.0,19.5
2024-08-04,28.2,23.0,24.5,13.5,13.5,0.0,14.3
2024-08-05,31.9,20.3,26.6,0.0,0.0,0.0,19.8
2024-08-06,32.5,22.0,25.6,43.0,43.0,0.0,17.4
2024-08-07,22.6,18.4,20.9,19.1,19.1,0.0,21.2
2024-08-08,23.3,18.1,20.7,5.1,5.1,0.0,24.3
2024-08-09,28.4,22.2,24.8,23.9,23.9,0.0,44.3
2024-08-10,29.4,21.5,25.1,0.8,0.8,0.0,18.2
2024-08-11,27.4,19.0,23.0,0.0,0.0,0.0,19.7
2024-08-12,26.3,16.3,21.7,0.0,0.0,0.0,20.4
2024-08-13,27.0,16.4,21.6,0.0,0.0,0.0,14.7
2024-08-14,28.4,17.5,23.0,0.1,0.1,0.0,15.8
2024-08-15,30.2,17.1,24.0,0.0,0.0,0.0,11.6
2024-08-16,30.3,18.3,24.1,0.0,0.0,0.0,18.4
2024-08-17,26.4,20.7,23.3,4.7,4.7,0.0,24.3
2024-08-18,25.6,20.2,22.7,43.5,43.5,0.0,25.1
2024-08-19,28.4,19.2,22.8,13.6,13.6,0.0,20.2
2024-08-20,22.4,15.6,18.9,0.1,0.1,0.0,22.7
2024-08-21,22.6,12.9,17.8,0.0,0.0,0.0,20.9
2024-08-22,24.5,12.5,18.9,0.0,0.0,0.0,19.2
2024-08-23,27.4,13.3,20.6,0.0,0.0,0.0,14.0
2024-08-24,29.8,14.7,22.0,0.0,0.0,0.0,14.8
2024-08-25,30.1,16.3,23.1,0.2,0.2,0.0,17.3
2024-08-26,29.8,18.1,23.1,0.9,0.9,0.0,22.7
2024-08-27,29.8,17.7,23.3,0.0,0.0,0.0,20.2
2024-08-28,34.1,21.4,27.2,0.0,0.0,0.0,15.9
2024-08-29,26.9,20.1,23.0,4.8,4.8,0.0,19.1
2024-08-30,23.8,18.0,20.5,3.7,3.7,0.0,18.1
2024-08-31,25.7,17.7,21.8,0.9,0.9,0.0,17.7
2024-09-01,29.0,20.8,24.2,4.8,4.8,0.0,19.8
2024-09-02,26.1,16.3,21.5,0.0,0.0,0.0,19.9
2024-09-03,22.9,12.2,17.6,0.0,0.0,0.0,15.6
2024-09-04,25.0,12.2,18.4,0.0,0.0,0.0,14.0
2024-09-05,25.5,12.6,18.7,0.0,0.0,0.0,17.4
2024-09-06,26.4,14.5,20.1,0.1,0.1,0.0,17.7
2024-09-07,24.4,13.6,19.4,3.1,3.1,0.0,25.2
2024-09-08,21.7,11.3,16.4,0.0,0.0,0.0,21.0
2024-09-09,24.9,10.4,18.0,0.0,0.0,0.0,20.9
2024-09-10,26.0,13.6,19.4,0.0,0.0,0.0,14.5
2024-09-11,25.4,11.9,18.5,0.0,0.0,0.0,12.7
2024-09-12,26.2,14.7,19.4,0.0,0.0,0.0,16.3
2024-09-13,27.3,13.8,19.9,0.0,0.0,0.0,13.7
2024-09-14,29.5,14.8,21.7,0.0,0.0,0.0,14.0
2024-09-15,28.0,14.9,20.7,0.0,0.0,0.0,19.1
2024-09-16,25.6,13.0,18.9,0.0,0.0,0.0,14.4
2024-09-17,27.1,14.7,20.0,0.0,0.0,0.0,18.1
2024-09-18,23.7,18.0,20.6,0.0,0.0,0.0,17.5
2024-09-19,29.6,16.2,22.7,0.0,0.0,0.0,17.3
2024-09-20,27.6,17.3,21.8,0.0,0.0,0.0,20.3
2024-09-21,27.0,15.3,20.1,0.0,0.0,0.0,18.1
2024-09-22,25.2,13.5,18.7,0.0,0.0,0.0,17.2
2024-09-23,21.0,13.1,17.2,0.1,0.1,0.0,16.9
2024-09-24,20.1,13.8,17.3,0.0,0.0,0.0,17.2
2024-09-25,20.6,15.9,17.9,1.1,1.1,0.0,20.8
2024-09-26,23.2,17.0,20.4,4.4,4.4,0.0,17.7
2024-09-27,22.2,18.1,20.2,0.9,0.9,0.0,15.4
2024-09-28,19.9,15.9,17.7,13.7,13.7,0.0,19.8
2024-09-29,18.5,16.4,17.1,1.2,1.2,0.0,17.8
2024-09-30,22.8,14.2,18.0,0.0,0.0,0.0,18.5
2024-10-01,22.1,14.1,17.4,0.0,0.0,0.0,16.5
2024-10-02,20.6,12.9,16.4,0.0,0.0,0.0,14.3
2024-10-03,22.2,14.3,17.7,0.1,0.1,0.0,15.1
2024-10-04,23.3,12.2,17.5,0.2,0.2,0.0,16.9
2024-10-05,23.9,12.9,18.4,0.4,0.4,0.0,18.0
2024-10-06,21.7,9.9,16.1,0.0,0.0,0.0,17.2
2024-10-07,23.5,14.8,18.5,5.5,5.5,0.0,19.7
2024-10-08,20.8,10.3,15.3,0.0,0.0,0.0,16.7
2024-10-09,20.1,9.1,14.8,0.1,0.1,0.0,22.2
2024-10-10,17.9,7.6,12.1,0.0,0.0,0.0,21.3
2024-10-11,21.0,6.3,13.7,0.0,0.0,0.0,18.9
2024-10-12,23.0,11.3,17.3,0.0,0.0,0.0,24.0
2024-10-13,23.5,9.6,16.9,0.0,0.0,0.0,16.4
2024-10-14,19.4,7.9,13.1,0.0,0.0,0.0,36.2
2024-10-15,14.6,5.3,9.7,0.2,0.2,0.0,20.6
2024-10-16,15.4,5.3,9.8,0.0,0.0,0.0,22.0
2024-10-17,15.1,3.5,9.4,0.0,0.0,0.0,23.1
2024-10-18,19.4,6.7,12.1,0.0,0.0,0.0,20.4
2024-10-19,21.5,6.9,13.1,0.0,0.0,0.0,11.5
2024-10-20,24.5,5.7,14.3,0.0,0.0,0.0,11.0
2024-10-21,27.7,7.6,17.4,0.0,0.0,0.0,13.6
2024-10-22,27.6,12.6,18.7,0.0,0.0,0.0,12.5
2024-10-23,25.2,10.8,17.6,0.0,0.0,0.0,17.8
2024-10-24,20.6,10.5,16.0,0.6,0.6,0.0,25.8
2024-10-25,18.0,6.3,11.9,0.0,0.0,0.0,15.8
2024-10-26,18.2,9.5,13.4,0.0,0.0,0.0,24.8
2024-10-27,14.7,4.7,9.4,0.0,0.0,0.0,16.0
2024-10-28,16.1,2.8,9.3,0.0,0.0,0.0,15.1
2024-10-29,17.4,5.9,12.9,1.1,1.1,0.0,24.0
2024-10-30,25.8,10.9,17.3,0.0,0.0,0.0,13.9
2024-10-31,28.1,11.9,20.0,0.0,0.0,0.0,24.6
2024-11-01,26.5,13.8,20.7,0.3,0.3,0.0,30.4
2024-11-02,15.8,7.3,11.8,0.0,0.0,0.0,20.3
2024-11-03,13.1,3.6,7.3,0.0,0.0,0.0,14.5
2024-11-04,14.2,3.3,9.3,0.0,0.0,0.0,19.2
2024-11-05,22.4,8.6,15.8,0.0,0.0,0.0,21.3
2024-11-06,26.8,16.3,20.9,0.0,0.0,0.0,22.8
2024-11-07,22.9,11.4,17.7,0.0,0.0,0.0,21.3
2024-11-08,20.5,6.6,13.4,0.0,0.0,0.0,27.6
2024-11-09,12.9,4.4,8.3,0.0,0.0,0.0,23.5
2024-11-10,14.3,2.2,9.0,1.0,1.0,0.0,20.4
2024-11-11,20.9,10.8,15.6,3.0,3.0,0.0,25.7
2024-11-12,12.0,4.8,9.3,0.0,0.0,0.0,26.9
2024-11-13,9.0,1.3,5.0,0.0,0.0,0.0,13.3
2024-11-14,7.7,1.2,4.7,0.0,0.0,0.0,9.6
2024-11-15,14.6,2.9,8.3,0.0,0.0,0.0,14.5
2024-11-16,16.3,6.1,10.6,0.0,0.0,0.0,16.6
2024-11-17,17.9,6.4,11.2,0.0,0.0,0.0,14.5
2024-11-18,17.8,7.5,12.4,0.0,0.0,0.0,14.0
2024-11-19,14.6,5.8,10.7,0.0,0.0,0.0,10.8
2024-11-20,15.8,7.1,11.7,0.0,0.0,0.0,13.0
2024-11-21,11.9,2.6,8.1,45.5,45.5,0.0,17.5
2024-11-22,4.8,2.0,3.4,12.2,12.1,0.07,24.8
2024-11-23,8.7,2.4,5.8,0.9,0.9,0.0,25.4
2024-11-24,10.8,5.4,7.9,0.0,0.0,0.0,22.3
2024-11-25,10.7,2.1,6.7,0.0,0.0,0.0,10.7
2024-11-26,14.7,5.8,10.5,3.7,3.7,0.0,15.4
2024-11-27,10.2,2.2,5.8,0.0,0.0,0.0,9.6
2024-11-28,11.6,4.8,6.7,13.1,13.1,0.0,20.0
2024-11-29,7.7,0.7,3.6,0.2,0.2,0.0,18.4
2024-11-30,3.4,-2.3,0.2,0.0,0.0,0.0,16.9
2024-12-01,2.6,-3.8,-1.1,0.0,0.0,0.0,17.9
2024-12-02,3.8,-3.3,-0.5,0.0,0.0,0.0,10.5
2024-12-03,5.0,-2.4,0.7,0.0,0.0,0.0,11.8
2024-12-04,3.9,-3.4,0.3,0.0,0.0,0.0,15.8
2024-12-05,4.5,-0.5,2.0,3.6,2.1,1.05,27.3
2024-12-06,0.0,-2.4,-1.2,0.0,0.0,0.0,18.7
2024-12-07,4.5,-2.8,0.7,0.0,0.0,0.0,13.9
2024-12-08,11.2,1.3,5.6,0.0,0.0,0.0,19.6
2024-12-09,10.3,0.9,5.5,7.4,7.4,0.0,11.6
2024-12-10,10.9,5.6,8.2,3.0,3.0,0.0,13.2
2024-12-11,16.0,5.0,12.6,33.5,33.5,0.0,24.0
2024-12-12,4.7,-2.8,1.2,0.0,0.0,0.0,25.1
2024-12-13,0.1,-4.1,-2.5,0.0,0.0,0.0,11.3
2024-12-14,0.5,-5.7,-2.8,0.0,0.0,0.0,8.3
2024-12-15,2.9,-5.1,-1.1,0.2,0.2,0.0,10.0
2024-12-16,9.4,1.6,5.7,16.7,16.7,0.0,15.1
2024-12-17,14.6,7.0,10.6,3.3,3.3,0.0,15.8
2024-12-18,9.8,1.3,6.2,3.6,3.6,0.0,10.9
2024-12-19,6.3,0.7,4.1,1.5,1.5,0.0,15.0
2024-12-20,2.4,-0.9,0.8,1.8,0.9,0.63,14.6
2024-12-21,0.1,-7.1,-3.1,4.0,0.0,2.8,19.9
2024-12-22,-7.5,-12.9,-9.4,0.0,0.0,0.0,14.5
2024-12-23,-3.6,-15.0,-9.9,0.0,0.0,0.0,10.5
2024-12-24,1.3,-4.2,-1.7,1.9,0.0,1.33,9.7
2024-12-25,0.0,-6.4,-3.2,0.0,0.0,0.0,10.2
2024-12-26,-0.4,-8.3,-5.2,0.0,0.0,0.0,8.3
2024-12-27,1.9,-9.5,-3.6,0.0,0.0,0.0,6.2
2024-12-28,7.1,2.1,4.1,5.6,5.6,0.0,6.7
2024-12-29,16.0,4.3,9.8,2.7,2.7,0.0,22.6
2024-12-30,12.9,7.1,11.1,5.8,5.8,0.0,25.5
2024-12-31,9.6,1.3,6.2,9.3,9.3,0.0,17.5
2025-01-01,10.8,3.2,7.1,1.1,1.1,0.0,23.2
2025-01-02,5.3,0.1,2.4,0.0,0.0,0.0,25.1
2025-01-03,3.1,-2.0,0.2,0.0,0.0,0.0,17.1
2025-01-04,-0.2,-3.0,-1.6,0.0,0.0,0.0,26.1
2025-01-05,0.2,-3.7,-2.3,0.0,0.0,0.0,19.9
2025-01-06,-1.7,-5.9,-2.6,1.7,0.0,1.19,18.4
2025-01-07,-3.1,-8.8,-5.2,0.0,0.0,0.0,29.9
2025-01-08,-2.6,-6.7,-4.5,0.0,0.0,0.0,25.4
2025-01-09,-1.6,-6.9,-4.1,0.0,0.0,0.0,29.0
2025-01-10,3.2,-4.0,-0.9,0.0,0.0,0.0,22.5
2025-01-11,0.3,-3.0,-1.3,2.0,0.0,1.4,17.3
2025-01-12,4.7,-2.0,0.5,0.0,0.0,0.0,14.3
2025-01-13,6.5,-2.0,1.2,0.0,0.0,0.0,18.3
2025-01-14,0.2,-3.8,-2.0,0.0,0.0,0.0,21.1
2025-01-15,-1.2,-5.8,-3.5,0.0,0.0,0.0,23.7
2025-01-16,-0.7,-6.0,-3.2,0.3,0.0,0.21,10.7
2025-01-17,4.9,-5.1,-0.7,0.0,0.0,0.0,10.8
2025-01-18,6.4,-1.0,2.8,2.1,2.1,0.0,14.9
2025-01-19,2.5,-2.7,0.4,8.8,0.3,5.95,18.3
2025-01-20,-3.9,-11.7,-7.6,0.2,0.0,0.14,16.3
2025-01-21,-8.5,-15.9,-11.4,0.4,0.0,0.28,11.0
2025-01-22,-8.3,-16.8,-12.0,0.0,0.0,0.0,10.2
2025-01-23,-3.6,-13.2,-8.5,0.0,0.0,0.0,8.3
2025-01-24,-1.2,-10.8,-6.5,0.0,0.0,0.0,10.7
2025-01-25,-2.1,-13.1,-6.9,0.0,0.0,0.0,11.6
2025-01-26,4.0,-5.7,-1.1,0.0,0.0,0.0,15.9
2025-01-27,1.9,-5.0,-1.2,0.0,0.0,0.0,17.7
2025-01-28,4.3,-3.1,0.5,0.0,0.0,0.0,23.3
2025-01-29,9.0,-0.5,3.9,0.0,0.0,0.0,23.3
2025-01-30,0.9,-6.4,-2.0,0.0,0.0,0.0,15.5
2025-01-31,6.1,0.9,3.8,11.2,11.2,0.0,13.5
2025-02-01,5.8,-6.3,0.1,1.5,1.5,0.0,19.4
2025-02-02,1.2,-9.7,-4.3,1.4,0.0,0.98,11.7
2025-02-03,6.0,-3.2,1.9,0.4,0.3,0.07,12.8
2025-02-04,6.0,-1.4,3.3,0.0,0.0,0.0,23.0
2025-02-05,1.7,-3.6,-1.5,0.0,0.0,0.0,14.5
2025-02-06,4.3,-1.6,1.1,8.5,3.6,3.43,14.1
2025-02-07,5.0,-3.0,1.1,0.0,0.0,0.0,25.7
2025-02-08,1.0,-4.5,-1.9,10.0,1.1,6.23,10.1
2025-02-09,1.3,-2.3,-0.2,4.2,3.1,0.77,13.1
2025-02-10,0.4,-6.4,-2.4,0.0,0.0,0.0,12.9
2025-02-11,-0.3,-9.3,-4.1,1.9,0.0,1.33,5.2
2025-02-12,0.4,-2.3,-0.7,4.0,0.0,2.8,13.0
2025-02-13,7.1,0.6,3.3,6.4,6.4,0.0,19.4
2025-02-14,0.9,-3.3,-1.4,0.0,0.0,0.0,19.2
2025-02-15,1.6,-4.1,-0.9,8.5,5.4,2.17,12.7
2025-02-16,7.3,0.8,2.8,21.5,21.5,0.0,28.7
2025-02-17,-0.2,-3.6,-1.8,0.0,0.0,0.0,27.2
2025-02-18,-3.1,-8.5,-5.5,0.0,0.0,0.0,20.5
2025-02-19,-1.2,-9.3,-5.2,0.0,0.0,0.0,16.5
2025-02-20,-1.2,-8.8,-4.9,0.9,0.0,0.63,20.6
2025-02-21,-0.4,-6.5,-4.1,0.0,0.0,0.0,20.4
2025-02-22,3.6,-7.5,-2.0,0.0,0.0,0.0,14.0
2025-02-23,7.8,-1.9,2.4,0.0,0.0,0.0,11.1
2025-02-24,8.2,-1.9,3.5,0.0,0.0,0.0,17.4
2025-02-25,12.4,3.5,6.9,0.0,0.0,0.0,12.0
2025-02-26,13.7,2.3,7.2,0.2,0.2,0.0,19.1
2025-02-27,12.0,4.6,8.5,9.1,9.1,0.0,14.8
2025-02-28,9.6,1.8,5.9,0.0,0.0,0.0,17.8
2025-03-01,15.9,-2.9,6.6,0.0,0.0,0.0,26.3
2025-03-02,0.5,-7.4,-3.6,0.0,0.0,0.0,19.2
2025-03-03,3.6,-5.7,-1.5,0.0,0.0,0.0,13.0
2025-03-04,12.8,-2.1,5.0,0.0,0.0,0.0,13.1
2025-03-05,12.5,5.6,9.8,41.9,41.9,0.0,28.0
2025-03-06,12.1,1.1,9.2,0.2,0.2,0.0,25.2
2025-03-07,8.1,-0.9,3.8,0.0,0.0,0.0,30.4
2025-03-08,6.1,0.9,3.4,0.0,0.0,0.0,22.7
2025-03-09,10.3,-2.4,3.7,0.0,0.0,0.0,24.4
2025-03-10,17.0,3.6,9.5,0.0,0.0,0.0,13.2
2025-03-11,16.0,2.7,9.5,0.0,0.0,0.0,11.2
2025-03-12,11.2,3.0,7.1,0.0,0.0,0.0,15.0
2025-03-13,10.3,1.9,5.6,0.0,0.0,0.0,10.9
2025-03-14,12.8,0.7,6.0,0.0,0.0,0.0,10.5
2025-03-15,9.1,3.5,6.6,0.5,0.5,0.0,11.9
2025-03-16,15.8,7.5,12.9,8.6,8.6,0.0,24.3
2025-03-17,14.5,2.6,11.0,30.5,30.5,0.0,18.9
2025-03-18,14.0,0.6,6.9,0.0,0.0,0.0,17.8
2025-03-19,14.1,2.7,7.9,0.0,0.0,0.0,10.3
2025-03-20,10.0,5.4,7.8,15.0,15.0,0.0,16.4
2025-03-21,9.2,2.4,6.2,3.7,3.7,0.0,25.7
2025-03-22,16.3,2.4,8.3,0.0,0.0,0.0,22.1
2025-03-23,8.2,-2.5,3.1,0.0,0.0,0.0,18.0
2025-03-24,10.5,4.2,7.1,13.7,13.7,0.0,16.5
2025-03-25,14.1,4.8,9.2,0.0,0.0,0.0,26.2
2025-03-26,10.1,2.0,5.7,0.3,0.3,0.0,18.0
2025-03-27,9.8,-0.6,4.6,0.0,0.0,0.0,16.1
2025-03-28,15.6,4.5,10.2,1.3,1.3,0.0,13.2
2025-03-29,26.2,6.7,15.8,7.3,7.3,0.0,21.7
2025-03-30,13.8,5.6,8.7,0.5,0.5,0.0,9.0
2025-03-31,23.9,8.1,16.8,41.0,41.0,0.0,21.2
2025-04-01,15.3,4.4,8.3,4.6,4.6,0.0,22.6
2025-04-02,8.4,0.1,4.7,0.0,0.0,0.0,16.0
2025-04-03,22.2,6.9,15.7,1.5,1.5,0.0,22.0
2025-04-04,20.7,12.6,17.0,7.2,7.2,0.0,13.8
2025-04-05,12.0,5.9,9.1,1.5,1.5,0.0,16.5
2025-04-06,15.4,6.2,9.9,3.1,3.1,0.0,14.0
2025-04-07,8.6,4.3,5.9,8.5,8.5,0.0,11.9
2025-04-08,6.6,1.2,4.4,0.0,0.0,0.0,27.0
2025-04-09,8.3,-1.7,3.2,0.0,0.0,0.0,13.6
2025-04-10,9.4,1.6,5.1,0.7,0.7,0.0,17.2
2025-04-11,7.3,4.4,5.8,14.1,14.1,0.0,20.5
2025-04-12,5.6,1.5,3.8,14.8,12.9,1.33,23.0
2025-04-13,13.9,3.8,9.0,0.0,0.0,0.0,19.7
2025-04-14,16.2,4.8,10.6,0.0,0.0,0.0,9.7
2025-04-15,18.7,7.9,13.1,1.4,1.4,0.0,26.7
2025-04-16,10.1,5.2,7.5,0.0,0.0,0.0,25.8
2025-04-17,15.5,3.3,9.3,0.0,0.0,0.0,14.7
2025-04-18,18.3,4.0,12.2,0.0,0.0,0.0,17.6
2025-04-19,27.0,15.6,21.2,0.1,0.1,0.0,19.5
2025-04-20,20.9,10.7,15.5,0.0,0.0,0.0,19.6
2025-04-21,13.4,7.2,10.5,0.3,0.3,0.0,14.6
2025-04-22,27.0,11.2,18.8,0.1,0.1,0.0,15.5
2025-04-23,25.0,9.6,17.4,0.0,0.0,0.0,14.7
2025-04-24,26.1,11.3,19.5,0.0,0.0,0.0,15.7
2025-04-25,24.8,14.2,19.1,0.0,0.0,0.0,16.4
2025-04-26,22.1,11.5,18.2,13.2,13.2,0.0,21.4
2025-04-27,14.1,8.2,11.7,0.0,0.0,0.0,30.4
2025-04-28,22.5,9.0,16.1,0.0,0.0,0.0,12.6
2025-04-29,27.0,11.0,19.7,0.0,0.0,0.0,19.3
2025-04-30,22.7,15.1,20.1,0.0,0.0,0.0,17.9
2025-05-01,21.1,10.1,15.6,0.0,0.0,0.0,14.6
2025-05-02,30.0,14.1,22.1,0.0,0.0,0.0,16.0
2025-05-03,28.9,18.2,22.4,9.1,9.1,0.0,14.7
2025-05-04,21.2,15.2,17.5,13.2,13.2,0.0,13.1
2025-05-05,20.1,14.0,16.0,13.4,13.4,0.0,13.5
2025-05-06,19.0,13.9,16.2,20.6,20.6,0.0,15.2
2025-05-07,22.4,13.7,17.8,0.3,0.3,0.0,11.8
2025-05-08,24.2,13.4,18.4,0.4,0.4,0.0,11.0
2025-05-09,16.8,11.5,14.0,14.6,14.6,0.0,12.9
2025-05-10,20.5,10.0,15.1,0.0,0.0,0.0,23.3
2025-05-11,23.3,11.2,17.7,0.0,0.0,0.0,12.3
2025-05-12,20.2,10.7,16.1,0.0,0.0,0.0,11.6
2025-05-13,20.3,14.7,17.2,4.4,4.4,0.0,11.0
2025-05-14,19.1,14.8,16.3,26.0,26.0,0.0,17.1
2025-05-15,22.8,15.5,18.3,4.1,4.1,0.0,10.9
2025-05-16,22.2,15.1,18.1,0.9,0.9,0.0,13.4
2025-05-17,26.7,17.2,21.7,2.5,2.5,0.0,19.2
2025-05-18,23.0,14.8,18.8,0.5,0.5,0.0,24.9
2025-05-19,20.0,11.1,15.6,0.0,0.0,0.0,21.8
2025-05-20,18.5,8.5,13.8,0.0,0.0,0.0,12.6
2025-05-21,13.9,9.3,12.0,4.1,4.1,0.0,18.1
2025-05-22,12.4,8.8,10.4,22.7,22.7,0.0,20.4
2025-05-23,16.7,8.6,12.0,3.2,3.2,0.0,13.9
2025-05-24,16.9,8.4,13.2,0.5,0.5,0.0,18.2
2025-05-25,19.1,10.2,14.9,0.0,0.0,0.0,17.6
2025-05-26,22.1,10.3,16.6,0.0,0.0,0.0,13.1
2025-05-27,25.5,11.7,18.6,0.0,0.0,0.0,14.7
2025-05-28,18.8,12.3,15.3,10.9,10.9,0.0,11.6
2025-05-29,21.5,12.6,17.3,2.6,2.6,0.0,12.2
2025-05-30,23.3,15.7,18.9,9.6,9.6,0.0,11.8
2025-05-31,19.3,11.5,15.9,37.5,37.5,0.0,25.6
2025-06-01,18.7,9.5,14.3,0.0,0.0,0.0,20.8
2025-06-02,21.5,9.8,16.1,0.0,0.0,0.0,12.3
2025-06-03,26.6,11.2,19.3,0.0,0.0,0.0,10.8
2025-06-04,29.6,14.5,22.6,0.0,0.0,0.0,14.2
2025-06-05,34.8,20.1,27.4,0.0,0.0,0.0,16.2
2025-06-06,31.7,21.5,26.8,3.5,3.5,0.0,13.8
2025-06-07,26.6,19.7,23.2,3.6,3.6,0.0,17.2
2025-06-08,24.1,16.3,19.6,2.2,2.2,0.0,15.2
2025-06-09,21.3,15.1,18.0,2.6,2.6,0.0,10.5
2025-06-10,25.5,17.0,20.4,17.5,17.5,0.0,12.5
2025-06-11,28.9,16.8,23.6,0.0,0.0,0.0,18.7
2025-06-12,33.7,19.7,27.0,0.3,0.3,0.0,16.4
2025-06-13,29.7,20.1,24.0,0.0,0.0,0.0,12.5
2025-06-14,20.4,15.7,18.1,5.3,5.3,0.0,14.4
2025-06-15,19.5,15.1,16.9,5.4,5.4,0.0,11.0
2025-06-16,19.9,15.6,17.9,4.3,4.3,0.0,12.1
2025-06-17,21.2,17.0,18.9,4.0,4.0,0.0,10.8
2025-06-18,28.5,18.1,22.0,11.5,11.5,0.0,12.1
2025-06-19,31.3,21.9,25.8,4.7,4.7,0.0,17.1
2025-06-20,28.1,18.4,23.8,0.3,0.3,0.0,17.8
2025-06-21,33.0,20.0,26.9,0.0,0.0,0.0,15.2
2025-06-22,33.9,24.2,28.9,0.3,0.3,0.0,19.3
2025-06-23,40.1,26.4,32.8,0.0,0.0,0.0,7.1
2025-06-24,40.3,28.9,34.8,0.0,0.0,0.0,17.6
2025-06-25,38.3,28.3,33.4,0.3,0.3,0.0,15.9
2025-06-26,30.0,19.5,25.4,0.3,0.3,0.0,17.3
2025-06-27,22.9,17.7,20.1,7.4,7.4,0.0,13.5
2025-06-28,30.4,18.5,24.5,0.7,0.7,0.0,14.2
2025-06-29,33.0,23.1,28.3,0.0,0.0,0.0,12.5
2025-06-30,34.9,22.6,28.4,0.7,0.7,0.0,16.5
2025-07-01,32.6,23.5,27.1,8.7,8.7,0.0,17.7
2025-07-02,29.6,22.7,25.4,2.2,2.2,0.0,7.5
2025-07-03,31.3,21.0,25.6,0.2,0.2,0.0,18.0
2025-07-04,28.2,18.2,23.9,0.0,0.0,0.0,11.6
2025-07-05,32.3,19.0,25.8,0.0,0.0,0.0,15.0
2025-07-06,34.4,21.5,28.1,0.0,0.0,0.0,13.3
2025-07-07,31.5,24.1,27.3,4.1,4.1,0.0,16.3
2025-07-08,36.9,23.5,28.2,15.6,15.6,0.0,14.6
2025-07-09,32.2,22.8,27.4,3.1,3.1,0.0,9.5
2025-07-10,27.1,22.6,24.4,17.1,17.1,0.0,6.6
2025-07-11,29.0,21.4,25.0,0.2,0.2,0.0,12.1
2025-07-12,30.5,22.5,25.4,0.2,0.2,0.0,13.2
2025-07-13,29.7,22.4,25.6,0.3,0.3,0.0,14.5
2025-07-14,31.4,23.0,25.8,18.2,18.2,0.0,13.7
2025-07-15,28.7,22.7,25.6,1.9,1.9,0.0,8.7
2025-07-16,30.5,23.0,26.7,2.3,2.3,0.0,11.6
2025-07-17,33.4,23.6,28.2,1.8,1.8,0.0,18.6
2025-07-18,29.7,22.3,26.0,0.0,0.0,0.0,15.0
2025-07-19,28.2,21.0,24.8,0.0,0.0,0.0,14.0
2025-07-20,34.0,22.2,27.9,4.1,4.1,0.0,15.3
2025-07-21,31.7,21.4,26.7,0.0,0.0,0.0,19.2
2025-07-22,28.0,19.5,23.6,0.0,0.0,0.0,14.0
2025-07-23,28.7,19.5,24.2,0.0,0.0,0.0,13.2
2025-07-24,31.0,19.8,26.4,0.0,0.0,0.0,14.0
2025-07-25,37.6,24.4,29.5,5.4,5.4,0.0,22.7
2025-07-26,30.5,23.4,26.2,0.0,0.0,0.0,14.4
2025-07-27,30.6,22.3,25.5,9.8,9.8,0.0,13.8
2025-07-28,35.1,23.5,29.7,0.0,0.0,0.0,11.9
2025-07-29,39.4,24.7,32.2,0.0,0.0,0.0,9.6
2025-07-30,37.4,26.9,30.7,8.4,8.4,0.0,14.7
2025-07-31,31.7,19.2,25.9,8.1,8.1,0.0,15.8
2025-08-01,22.8,17.7,19.9,1.0,1.0,0.0,16.1
2025-08-02,25.5,17.0,21.0,0.0,0.0,0.0,10.1
2025-08-03,27.9,16.4,22.1,0.0,0.0,0.0,11.1
2025-08-04,33.0,16.9,24.5,0.0,0.0,0.0,14.6
2025-08-05,30.9,19.8,24.9,0.0,0.0,0.0,9.7
2025-08-06,28.3,20.3,23.5,0.9,0.9,0.0,13.0
2025-08-07,28.4,18.9,22.9,0.0,0.0,0.0,13.8
2025-08-08,28.1,16.9,22.3,0.0,0.0,0.0,12.8
2025-08-09,29.9,17.2,23.2,0.0,0.0,0.0,11.3
2025-08-10,33.1,18.2,25.8,0.0,0.0,0.0,13.0
2025-08-11,32.3,20.7,26.2,0.0,0.0,0.0,12.7
2025-08-12,33.2,21.0,26.8,0.0,0.0,0.0,14.1
2025-08-13,31.9,23.4,26.9,9.2,9.2,0.0,13.3
2025-08-14,31.2,22.5,26.4,1.0,1.0,0.0,6.5
2025-08-15,32.3,22.7,26.3,0.0,0.0,0.0,13.1
2025-08-16,30.4,22.3,25.6,4.9,4.9,0.0,10.5
2025-08-17,35.2,21.9,27.2,3.6,3.6,0.0,14.6
2025-08-18,23.8,18.5,20.9,0.0,0.0,0.0,16.8
2025-08-19,24.1,17.4,20.7,0.0,0.0,0.0,13.1
2025-08-20,22.6,15.8,19.6,2.6,2.6,0.0,15.1
2025-08-21,21.7,15.6,18.3,0.0,0.0,0.0,22.6
2025-08-22,26.7,14.8,20.9,0.0,0.0,0.0,13.3
2025-08-23,27.9,17.1,22.0,0.0,0.0,0.0,21.6
2025-08-24,26.1,17.4,22.0,0.2,0.2,0.0,18.6
2025-08-25,31.5,19.0,24.9,0.0,0.0,0.0,19.4
2025-08-26,27.4,17.5,22.6,0.0,0.0,0.0,16.6
2025-08-27,24.9,16.4,20.6,0.1,0.1,0.0,15.6
2025-08-28,27.0,15.0,21.4,0.0,0.0,0.0,14.1
2025-08-29,27.3,17.8,22.2,0.0,0.0,0.0,16.0
2025-08-30,25.6,14.2,20.1,0.0,0.0,0.0,12.7
2025-08-31,27.3,14.8,20.8,0.0,0.0,0.0,15.1
2025-09-01,26.5,16.5,21.5,0.0,0.0,0.0,16.8
2025-09-02,26.7,16.4,20.9,0.0,0.0,0.0,13.9
2025-09-03,26.3,15.4,20.4,0.0,0.0,0.0,13.8
2025-09-04,25.1,15.9,20.8,6.1,6.1,0.0,20.4
2025-09-05,28.3,18.0,23.5,3.2,3.2,0.0,15.7
2025-09-06,30.0,18.6,23.4,20.8,20.8,0.0,19.0
2025-09-07,20.7,16.6,18.2,17.4,17.4,0.0,9.4
2025-09-08,21.5,13.0,17.4,0.0,0.0,0.0,9.2
2025-09-09,22.1,13.1,17.5,0.0,0.0,0.0,12.8
2025-09-10,20.5,15.1,17.8,5.0,5.0,0.0,13.8
2025-09-11,26.8,15.2,21.0,0.0,0.0,0.0,13.6
2025-09-12,27.3,16.2,20.9,0.0,0.0,0.0,11.4
2025-09-13,26.4,16.1,20.7,0.7,0.7,0.0,12.7
2025-09-14,29.6,16.9,22.3,0.5,0.5,0.0,9.3
2025-09-15,28.4,17.7,22.1,0.0,0.0,0.0,12.1
2025-09-16,24.4,17.3,20.2,0.0,0.0,0.0,17.0
2025-09-17,21.0,17.1,19.1,6.8,6.8,0.0,14.4
2025-09-18,27.3,18.1,22.1,0.1,0.1,0.0,7.7
2025-09-19,27.9,17.9,22.5,0.0,0.0,0.0,11.1
2025-09-20,23.7,14.4,18.7,0.0,0.0,0.0,12.3
2025-09-21,22.0,13.6,17.1,0.0,0.0,0.0,11.2
2025-09-22,22.5,11.9,17.5,0.0,0.0,0.0,11.2
2025-09-23,29.4,16.5,22.6,6.6,6.6,0.0,14.9
2025-09-24,26.5,18.3,21.8,4.7,4.7,0.0,16.9
2025-09-25,24.8,19.7,22.0,46.9,46.9,0.0,15.7
2025-09-26,26.4,18.5,22.2,0.0,0.0,0.0,8.7
2025-09-27,24.2,16.8,20.6,0.1,0.1,0.0,6.1
2025-09-28,27.8,17.6,22.3,0.6,0.6,0.0,6.5
2025-09-29,24.0,17.1,20.4,0.0,0.0,0.0,10.7
2025-09-30,25.2,16.9,20.3,0.0,0.0,0.0,14.1
2025-10-01,20.2,12.0,15.9,0.0,0.0,0.0,14.4
2025-10-02,18.9,9.5,14.1,0.0,0.0,0.0,8.7
2025-10-03,22.0,8.9,15.5,0.0,0.0,0.0,8.9
2025-10-04,27.7,11.7,19.5,0.0,0.0,0.0,9.4
2025-10-05,29.7,14.3,21.4,0.0,0.0,0.0,9.6
2025-10-06,26.7,14.5,20.2,0.0,0.0,0.0,12.8
2025-10-07,27.3,17.0,21.9,0.0,0.0,0.0,19.2
2025-10-08,21.3,13.3,18.7,5.4,5.4,0.0,17.4
2025-10-09,14.9,7.8,11.7,0.0,0.0,0.0,14.9
2025-10-10,16.0,4.7,10.9,0.0,0.0,0.0,11.4
2025-10-11,18.8,9.5,14.4,1.4,1.4,0.0,14.0
2025-10-12,16.4,12.9,14.7,15.5,15.5,0.0,24.6
2025-10-13,14.8,12.1,13.6,31.6,31.6,0.0,28.6
2025-10-14,16.0,12.1,13.9,0.1,0.1,0.0,18.5
2025-10-15,19.7,11.2,15.2,0.0,0.0,0.0,13.4
2025-10-16,15.2,7.1,10.6,0.0,0.0,0.0,17.5
2025-10-17,16.9,7.1,11.1,0.0,0.0,0.0,15.0
2025-10-18,17.7,6.4,12.0,0.0,0.0,0.0,7.6
2025-10-19,20.6,9.8,16.1,0.0,0.0,0.0,20.5
2025-10-20,19.9,11.3,15.3,10.2,10.2,0.0,23.9
2025-10-21,19.1,7.9,13.5,0.1,0.1,0.0,12.7
2025-10-22,16.5,10.6,13.5,1.5,1.5,0.0,21.1
2025-10-23,15.0,8.4,11.2,0.1,0.1,0.0,18.1
2025-10-24,14.8,5.7,10.1,0.0,0.0,0.0,11.9
2025-10-25,14.3,5.7,10.2,0.0,0.0,0.0,9.2
2025-10-26,14.2,6.7,10.0,0.1,0.1,0.0,7.2
2025-10-27,12.8,3.3,7.9,0.0,0.0,0.0,11.7
2025-10-28,12.2,4.1,8.8,0.0,0.0,0.0,21.7
2025-10-29,13.5,7.0,10.3,0.1,0.1,0.0,16.1
2025-10-30,16.4,10.7,13.9,44.4,44.4,0.0,26.5
2025-10-31,13.4,9.8,11.6,0.0,0.0,0.0,27.4
2025-11-01,14.3,7.5,10.1,0.0,0.0,0.0,22.0
2025-11-02,14.8,3.9,8.9,0.0,0.0,0.0,9.3
2025-11-03,13.9,6.1,10.1,0.1,0.1,0.0,17.3
2025-11-04,14.8,7.6,10.7,0.0,0.0,0.0,23.1
2025-11-05,18.2,3.9,11.3,1.6,1.6,0.0,20.6
2025-11-06,12.5,4.8,9.0,0.0,0.0,0.0,23.4
2025-11-07,15.3,1.6,8.9,0.0,0.0,0.0,18.2
2025-11-08,18.4,11.4,14.1,4.8,4.8,0.0,13.9
2025-11-09,16.2,8.4,12.8,0.3,0.3,0.0,16.5
2025-11-10,13.4,1.6,9.4,11.8,11.8,0.0,17.3
2025-11-11,4.2,0.6,2.3,0.5,0.0,0.35,28.2
2025-11-12,9.1,2.1,5.6,0.0,0.0,0.0,14.8
2025-11-13,10.3,4.0,7.1,1.8,1.8,0.0,21.1
2025-11-14,10.0,2.8,6.3,0.0,0.0,0.0,16.5
2025-11-15,8.8,1.2,5.8,0.8,0.8,0.0,14.1
2025-11-16,12.9,3.8,9.2,0.2,0.2,0.0,25.8
2025-11-17,6.0,1.3,3.8,0.0,0.0,0.0,25.5
2025-11-18,7.8,0.8,4.5,0.0,0.0,0.0,15.1
2025-11-19,8.1,1.9,4.6,4.6,3.8,0.56,8.7
2025-11-20,7.7,-0.1,3.1,0.0,0.0,0.0,6.6
2025-11-21,10.8,2.3,6.9,0.0,0.0,0.0,14.4
2025-11-22,10.9,3.1,7.6,5.1,5.1,0.0,14.2
2025-11-23,7.5,-1.0,3.8,0.0,0.0,0.0,12.2
2025-11-24,11.2,4.1,6.7,0.0,0.0,0.0,13.5
2025-11-25,12.8,2.8,8.0,13.7,13.7,0.0,18.0
2025-11-26,15.3,10.2,13.0,1.1,1.1,0.0,17.6
2025-11-27,9.2,1.7,5.1,0.0,0.0,0.0,20.0
2025-11-28,5.5,-0.1,2.4,0.0,0.0,0.0,25.9
2025-11-29,5.7,-0.4,1.7,0.0,0.0,0.0,15.7
2025-11-30,4.8,-0.5,2.8,3.3,3.3,0.0,14.8
2025-12-01,5.9,-1.2,2.8,0.0,0.0,0.0,17.8
2025-12-02,2.8,-1.7,0.9,17.2,17.0,0.14,17.2
2025-12-03,4.1,-1.4,0.9,0.0,0.0,0.0,17.7
2025-12-04,5.3,-4.6,0.4,0.1,0.0,0.07,20.4
